"Date","Open","High","Low","Close","Volume","Adjusted"
2021-07-23,116,138.899993896484,115,126,694895200,126
2021-07-26,126.349998474121,143.75,125.300003051758,140.649993896484,249723800,140.649993896484
2021-07-27,141.699996948242,147.800003051758,127.75,132.899993896484,240341900,132.899993896484
2021-07-28,131,135,123.550003051758,131.199996948242,159793700,131.199996948242
2021-07-29,134.949996948242,144,132.199996948242,141.550003051758,117973000,141.550003051758
2021-07-30,142.600006103516,142.699996948242,131,133.5,88312520,133.5
2021-08-02,135.75,140.75,135.149993896484,139.699996948242,66909730,139.699996948242
2021-08-03,137,140.800003051758,137,139.399993896484,46610000,139.399993896484
2021-08-04,139.800003051758,141,135.25,138.399993896484,41134410,138.399993896484
2021-08-05,138.75,138.899993896484,132,134.949996948242,38437130,134.949996948242
2021-08-06,135.5,136.199996948242,130.100006103516,131.350006103516,31975350,131.350006103516
2021-08-09,132.399993896484,133.550003051758,127.25,130.600006103516,41358290,130.600006103516
2021-08-10,131,131.449996948242,122.099998474121,125.199996948242,43164000,125.199996948242
2021-08-11,123,138.75,123,135.649993896484,111702700,135.649993896484
2021-08-12,135.649993896484,137.399993896484,132.050003051758,135.449996948242,51256670,135.449996948242
2021-08-13,133.850006103516,139.75,132.100006103516,137.350006103516,33674300,137.350006103516
2021-08-16,136.399993896484,136.899993896484,132.25,134.949996948242,20305360,134.949996948242
2021-08-17,132.800003051758,134.350006103516,130.600006103516,132.5,15815180,132.5
2021-08-18,134.5,136.800003051758,133.300003051758,134.949996948242,22566920,134.949996948242
2021-08-20,134.949996948242,141.449996948242,133,139.300003051758,53789580,139.300003051758
2021-08-23,137.800003051758,137.800003051758,124.75,127.25,68470860,127.25
2021-08-24,127.25,127.949996948242,120.5,125,56713550,125
2021-08-25,126,128.5,123.099998474121,124.25,51078810,124.25
2021-08-26,125.25,127.150001525879,124.349998474121,125.849998474121,20645400,125.849998474121
2021-08-27,126.599998474121,129.5,124.099998474121,124.699996948242,22227590,124.699996948242
2021-08-30,127.849998474121,135.449996948242,127.550003051758,133.550003051758,45239080,133.550003051758
2021-08-31,134,135.199996948242,131.350006103516,134.550003051758,24640920,134.550003051758
2021-09-01,134.550003051758,135.100006103516,130.699996948242,132.600006103516,16162260,132.600006103516
2021-09-02,132,138.5,131.5,137.600006103516,27882460,137.600006103516
2021-09-03,135.949996948242,151.399993896484,135.600006103516,149.75,113381500,149.75
2021-09-06,149.25,149.350006103516,143.25,144.050003051758,34811620,144.050003051758
2021-09-07,144.899993896484,146.850006103516,138.550003051758,140.050003051758,30421930,140.050003051758
2021-09-08,141,143.600006103516,139.050003051758,141.25,28133280,141.25
2021-09-09,141.399993896484,142.899993896484,140,141.600006103516,18970690,141.600006103516
2021-09-13,143.25,144.25,142,143.149993896484,17426790,143.149993896484
2021-09-14,145.149993896484,152.75,136.199996948242,144.100006103516,112358900,144.100006103516
2021-09-15,142.949996948242,145,140.75,142.649993896484,38892540,142.649993896484
2021-09-16,143,144,141.5,142.050003051758,17634200,142.050003051758
2021-09-17,142.550003051758,146.899993896484,137.149993896484,137.899993896484,23264090,137.899993896484
2021-09-20,137.699996948242,140.850006103516,133.25,134.300003051758,19799940,134.300003051758
2021-09-21,137.199996948242,138,131,133.449996948242,19330190,133.449996948242
2021-09-22,135.399993896484,135.399993896484,131.300003051758,132.100006103516,16923370,132.100006103516
2021-09-23,134.5,140.399993896484,133.050003051758,137.300003051758,31779160,137.300003051758
2021-09-24,137.550003051758,139.5,136.050003051758,136.649993896484,13099390,136.649993896484
2021-09-27,139.850006103516,144.75,138,143.699996948242,26041240,143.699996948242
2021-09-28,143.899993896484,143.899993896484,137.649993896484,139,13489230,139
2021-09-29,138,139.5,136.5,138.5,10801430,138.5
2021-09-30,139.199996948242,139.199996948242,136.149993896484,136.600006103516,7825751,136.600006103516
2021-10-01,137.300003051758,140.5,137,138,11940570,138
2021-10-04,139.100006103516,140,138,139.100006103516,11995290,139.100006103516
2021-10-05,138.75,138.800003051758,137.149993896484,137.949996948242,10912140,137.949996948242
2021-10-06,138.75,139.199996948242,133.699996948242,134.949996948242,9988184,134.949996948242
2021-10-07,136.75,138.449996948242,136.050003051758,137.100006103516,7317664,137.100006103516
2021-10-08,138,138,135.699996948242,136.149993896484,6207969,136.149993896484
2021-10-11,137.5,137.5,136.149993896484,136.850006103516,4395523,136.850006103516
2021-10-12,137.300003051758,137.75,135.5,136.600006103516,5600652,136.600006103516
2021-10-13,137.25,137.399993896484,134.350006103516,135.449996948242,6351349,135.449996948242
2021-10-14,135.899993896484,137.300003051758,133.699996948242,135,8688177,135
2021-10-18,136,146.149993896484,135.899993896484,144.050003051758,31446800,144.050003051758
2021-10-19,144.899993896484,145.100006103516,137.25,138.550003051758,14688300,138.550003051758
2021-10-20,138.5,140.399993896484,133.850006103516,137.899993896484,12607290,137.899993896484
2021-10-21,139.75,139.899993896484,135.800003051758,138.149993896484,5951873,138.149993896484
2021-10-22,138.949996948242,142,135.800003051758,137.75,11468450,137.75
2021-10-25,138,138.949996948242,131.550003051758,132.699996948242,13530510,132.699996948242
2021-10-26,133,137.350006103516,133,135.449996948242,6445894,135.449996948242
2021-10-27,136.199996948242,139.25,134.5,134.800003051758,8982174,134.800003051758
2021-10-28,135.350006103516,136.5,131.5,135.600006103516,11936370,135.600006103516
2021-10-29,135,135,130.5,131.550003051758,12925870,131.550003051758
2021-11-01,133.600006103516,134.300003051758,132,132.649993896484,6200243,132.649993896484
2021-11-02,132.699996948242,133.600006103516,131.75,132.449996948242,7367792,132.449996948242
2021-11-03,132.899993896484,132.899993896484,127.5,128.350006103516,15919920,128.350006103516
2021-11-04,130,132.399993896484,130,131.350006103516,4101820,131.350006103516
2021-11-08,132.949996948242,133.600006103516,130.600006103516,131.149993896484,17645790,131.149993896484
2021-11-09,133,138.899993896484,131.649993896484,137.649993896484,26457360,137.649993896484
2021-11-10,136.5,139.149993896484,135,136.050003051758,16816040,136.050003051758
2021-11-11,142,144,132.600006103516,140.899993896484,83582030,140.899993896484
2021-11-12,142,155.199996948242,142,153,140547700,153
2021-11-15,149,163.300003051758,142.350006103516,160.300003051758,121197500,160.300003051758
2021-11-16,161.149993896484,169,153.800003051758,157.600006103516,109342700,157.600006103516
2021-11-17,155.949996948242,162.25,154.25,156.550003051758,44505150,156.550003051758
2021-11-18,158.899993896484,161.850006103516,152.5,154.699996948242,46802080,154.699996948242
2021-11-22,158.25,158.25,136.800003051758,149.75,79417840,149.75
2021-11-23,150,152,144.25,148.699996948242,38236580,148.699996948242
2021-11-24,151.100006103516,156.399993896484,149.600006103516,155.5,53749970,155.5
2021-11-25,157,161.300003051758,154.050003051758,159.75,48900470,159.75
2021-11-26,158.449996948242,158.449996948242,146.25,148.149993896484,35968150,148.149993896484
2021-11-29,148.800003051758,153.899993896484,137.5,149.100006103516,43972440,149.100006103516
2021-11-30,149.949996948242,158,145.300003051758,152.550003051758,258130100,152.550003051758
2021-12-01,153,157.899993896484,149.449996948242,151.399993896484,32604850,151.399993896484
2021-12-02,151.600006103516,153.800003051758,147.800003051758,150.649993896484,23508260,150.649993896484
2021-12-03,152.100006103516,152.800003051758,143.850006103516,144.899993896484,26452890,144.899993896484
2021-12-06,146.600006103516,146.850006103516,135.300003051758,138.550003051758,33244500,138.550003051758
2021-12-07,141.350006103516,143.800003051758,138.649993896484,139.800003051758,36835410,139.800003051758
2021-12-08,141,148.600006103516,140.25,147.600006103516,37324360,147.600006103516
2021-12-09,148.649993896484,148.649993896484,145.300003051758,146.25,18377890,146.25
2021-12-10,144.100006103516,146.399993896484,139.75,140.550003051758,27881030,140.550003051758
2021-12-13,142.199996948242,144.449996948242,141.899993896484,142.649993896484,20318220,142.649993896484
2021-12-14,144.699996948242,144.949996948242,140,140.649993896484,19474410,140.649993896484
2021-12-15,140.5,142,140,140.600006103516,12791660,140.600006103516
2021-12-16,141.899993896484,142.850006103516,137.399993896484,138.399993896484,17182100,138.399993896484
2021-12-17,138.949996948242,141,132.350006103516,135.350006103516,95386200,135.350006103516
2021-12-20,135.300003051758,135.75,124.599998474121,126.550003051758,36064410,126.550003051758
2021-12-21,128.850006103516,132.850006103516,128.600006103516,131.600006103516,20442770,131.600006103516
2021-12-22,133.050003051758,139.75,133,138.649993896484,19425710,138.649993896484
2021-12-23,140.050003051758,140.75,132.100006103516,133,21934780,133
2021-12-24,134.5,134.5,129.600006103516,131.449996948242,17625580,131.449996948242
2021-12-27,131.350006103516,133.850006103516,128,132.75,13934150,132.75
2021-12-28,133.699996948242,134,131.649993896484,132.850006103516,11170270,132.850006103516
2021-12-29,132.699996948242,137.699996948242,131.550003051758,137.100006103516,18914240,137.100006103516
2021-12-30,137.050003051758,137.050003051758,133.300003051758,133.949996948242,8369208,133.949996948242
2021-12-31,133.850006103516,138.399993896484,133.399993896484,137.399993896484,11452240,137.399993896484
2022-01-03,139.699996948242,142.449996948242,138.300003051758,141.350006103516,22518240,141.350006103516
2022-01-04,141.350006103516,141.550003051758,137.600006103516,138.350006103516,10705790,138.350006103516
2022-01-05,137.899993896484,137.899993896484,133.300003051758,133.949996948242,15874850,133.949996948242
2022-01-06,133,133.149993896484,129.600006103516,130,23780410,130
2022-01-07,130,131.449996948242,129,129.25,22846950,129.25
2022-01-10,130.5,130.899993896484,129.399993896484,130.199996948242,11389370,130.199996948242
2022-01-11,131,132.5,130,131.300003051758,15396650,131.300003051758
2022-01-12,132.100006103516,132.899993896484,131.600006103516,132.25,8004430,132.25
2022-01-13,132.5,133.449996948242,132.350006103516,133.100006103516,6535224,133.100006103516
2022-01-14,133.100006103516,134.449996948242,132.050003051758,133.600006103516,9443928,133.600006103516
2022-01-17,133.600006103516,134.5,133,134,7515979,134
2022-01-18,134.5,134.600006103516,132.800003051758,133.050003051758,9428096,133.050003051758
2022-01-19,131.699996948242,132.399993896484,128.25,129.199996948242,27812340,129.199996948242
2022-01-20,127.949996948242,130.699996948242,125,125.199996948242,23290540,125.199996948242
2022-01-21,125.150001525879,125.150001525879,112.550003051758,113.650001525879,59805920,113.650001525879
2022-01-24,114,114.199996948242,90.9499969482422,91.3499984741211,167044700,91.3499984741211
2022-01-25,90.9499969482422,100.449996948242,84.1500015258789,100.449996948242,138336200,100.449996948242
2022-01-27,98,98,90.4499969482422,90.5,106488700,90.5
2022-01-28,93.5999984741211,96.4499969482422,88.8000030517578,89.5500030517578,61452430,89.5500030517578
2022-01-31,91.3499984741211,92.5,89.6500015258789,90.4000015258789,20203790,90.4000015258789
2022-02-01,91.75,95.8000030517578,91.0500030517578,94.5500030517578,32606750,94.5500030517578
2022-02-02,95.75,99.75,94.8000030517578,98.9000015258789,18674080,98.9000015258789
2022-02-03,98.5,98.5,96.0999984741211,97.0999984741211,9769090,97.0999984741211
2022-02-04,97.1999969482422,97.8499984741211,93.5999984741211,94.1999969482422,15354380,94.1999969482422
2022-02-07,95.0999984741211,95.5,93.3499984741211,93.5500030517578,10900140,93.5500030517578
2022-02-08,94.3499984741211,94.6500015258789,91.25,93.5500030517578,9026735,93.5500030517578
2022-02-09,94.5,95.4499969482422,93.5999984741211,94.1999969482422,7876462,94.1999969482422
2022-02-10,94.9000015258789,95.4000015258789,93,94.4499969482422,13257120,94.4499969482422
2022-02-11,92.75,92.75,86.5,88.6999969482422,39976780,88.6999969482422
2022-02-14,NA,NA,NA,NA,NA,NA
2022-02-15,83.5,84.6500015258789,75.75,82.6999969482422,106216200,82.6999969482422
2022-02-16,85,87,84.25,84.9499969482422,33106600,84.9499969482422
2022-02-17,86.5,90.0999984741211,85.9000015258789,89.1500015258789,29566400,89.1500015258789
2022-02-18,88.0999984741211,88.4000015258789,85.1999969482422,85.9000015258789,15037120,85.9000015258789
2022-02-21,84.1999969482422,84.8000030517578,80.6500015258789,81.5500030517578,18853330,81.5500030517578
2022-02-22,78,80.5500030517578,77,79.6999969482422,28814770,79.6999969482422
2022-02-23,82,85.1500015258789,81.1999969482422,84.1500015258789,19847600,84.1500015258789
2022-02-24,78.6500015258789,81.5,78.0999984741211,78.5,22035310,78.5
2022-02-25,82,83.4000015258789,78.1500015258789,78.8000030517578,22876040,78.8000030517578
2022-02-28,79,80.9499969482422,76.5500030517578,79.9499969482422,41975650,79.9499969482422
2022-03-02,80,82,79,79.8499984741211,20353220,79.8499984741211
2022-03-03,81.5,83.1999969482422,81.1999969482422,82.1999969482422,16067220,82.1999969482422
2022-03-04,80.5,82.9000015258789,79.5,80.1999969482422,15145230,80.1999969482422
2022-03-07,79,79.6500015258789,78,79,9764606,79
2022-03-08,79.25,80.5999984741211,77.5999984741211,78.1500015258789,12381950,78.1500015258789
2022-03-09,79.4499969482422,80.6500015258789,78.9000015258789,80.3499984741211,11887750,80.3499984741211
2022-03-10,82.5500030517578,83.9499969482422,81.6999969482422,82.1999969482422,13476200,82.1999969482422
2022-03-11,82.4000015258789,82.4000015258789,79.5,79.9000015258789,18964700,79.9000015258789
2022-03-14,80.6999969482422,80.6999969482422,79,79.3000030517578,7261387,79.3000030517578
2022-03-15,79.3000030517578,79.5999984741211,76,76.5500030517578,18900800,76.5500030517578
2022-03-16,80,80,75.5,75.9499969482422,42383300,75.9499969482422
2022-03-17,77.1999969482422,82,76.8000030517578,80.8499984741211,34440230,80.8499984741211
2022-03-21,82,83.3000030517578,79.25,80.4000015258789,28669860,80.4000015258789
2022-03-22,80.9499969482422,81.9000015258789,79.3000030517578,81.1500015258789,23798590,81.1500015258789
2022-03-23,82,82,80.1999969482422,80.75,12522850,80.75
2022-03-24,80.6999969482422,82.3499984741211,80.0500030517578,80.3499984741211,12996470,80.3499984741211
2022-03-25,81,81.8499984741211,80.25,80.5999984741211,13585980,80.5999984741211
2022-03-28,80.5999984741211,81,79.1500015258789,79.6500015258789,10034660,79.6500015258789
2022-03-29,80.0500030517578,80.5,78.0500030517578,78.1999969482422,13466520,78.1999969482422
2022-03-30,79,86,78.5,85.0500030517578,41305970,85.0500030517578
2022-03-31,88.6999969482422,88.6999969482422,81.75,82.3000030517578,34672910,82.3000030517578
2022-04-01,82.0999984741211,85.5999984741211,82.0500030517578,84.3000030517578,15586810,84.3000030517578
2022-04-04,84.4000015258789,87.6999969482422,84.4000015258789,86.25,18040880,86.25
2022-04-05,83,85.1500015258789,82.3499984741211,83.9000015258789,28433440,83.9000015258789
2022-04-06,83.75,85.3000030517578,83.1500015258789,84.5500030517578,10697010,84.5500030517578
2022-04-07,84.8000030517578,85.25,82.25,82.5,9709022,82.5
2022-04-08,83.5,85.5,82.75,83.4000015258789,14851730,83.4000015258789
2022-04-11,83.1500015258789,85.8499984741211,83,84.4499969482422,17609800,84.4499969482422
2022-04-12,84.3000030517578,84.3000030517578,81,81.5,12913670,81.5
2022-04-13,82.5,88.3000030517578,82.1500015258789,83.9000015258789,52988180,83.9000015258789
2022-04-18,83.6999969482422,84.4000015258789,82.5500030517578,82.9000015258789,14209900,82.9000015258789
2022-04-19,83.0999984741211,83.9000015258789,79.4499969482422,80.4499969482422,13439870,80.4499969482422
2022-04-20,81.5999984741211,82.3000030517578,80,80.3000030517578,12797460,80.3000030517578
2022-04-21,81.0999984741211,81.8499984741211,80.6500015258789,80.8000030517578,6780602,80.8000030517578
2022-04-22,80.6999969482422,81.8000030517578,80.1999969482422,81.1999969482422,7211263,81.1999969482422
2022-04-25,80.5,81.5999984741211,78.5999984741211,78.75,16717050,78.75
2022-04-26,80.5999984741211,80.9000015258789,78.5999984741211,79.5999984741211,9548939,79.5999984741211
2022-04-27,79.4000015258789,79.5999984741211,75.5,75.8499984741211,23626620,75.8499984741211
2022-04-28,77.3499984741211,77.5999984741211,73.5,73.8499984741211,21338830,73.8499984741211
2022-04-29,74.6999969482422,74.8499984741211,71.0999984741211,71.75,24873680,71.75
2022-05-02,NA,NA,NA,NA,NA,NA
2022-05-04,69.75,70,63.9000015258789,64.4499969482422,43049540,64.4499969482422
2022-05-05,65.75,66.6500015258789,60.5,61.1500015258789,40296390,61.1500015258789
2022-05-06,59.2999992370605,62.2999992370605,57.6500015258789,60.5,47189320,60.5
2022-05-09,59.5999984741211,60.4000015258789,55.6500015258789,56.75,38279090,56.75
2022-05-10,55.75,56.75,50.0499992370605,52.4500007629395,45135580,52.4500007629395
2022-05-11,52,56.4500007629395,50.2999992370605,54.2000007629395,99812770,54.2000007629395
2022-05-12,53.7999992370605,53.9000015258789,51.0499992370605,51.9500007629395,37338260,51.9500007629395
2022-05-13,53.2999992370605,59.2000007629395,52.25,56.8499984741211,79292210,56.8499984741211
2022-05-16,56.8499984741211,57.7000007629395,54.75,56.4000015258789,37036100,56.4000015258789
2022-05-17,56.0999984741211,56.7000007629395,55.1500015258789,56.1500015258789,21460380,56.1500015258789
2022-05-18,56.0999984741211,59.5999984741211,55.8499984741211,58.75,57728110,58.75
2022-05-19,56.5,56.8499984741211,54.7999992370605,55.3499984741211,31970090,55.3499984741211
2022-05-20,56.5,58.75,56.4000015258789,58.0499992370605,32411620,58.0499992370605
2022-05-23,58.7000007629395,60.5,56.5999984741211,57.0499992370605,36830590,57.0499992370605
2022-05-24,57.9500007629395,67.5999984741211,57.9000015258789,64.9499969482422,193577700,64.9499969482422
2022-05-25,65.6999969482422,66.9000015258789,60.6500015258789,62.2999992370605,104446900,62.2999992370605
2022-05-26,61,62.5,59.5999984741211,60.4500007629395,46556390,60.4500007629395
2022-05-27,63,63,61.5,62.0499992370605,32064280,62.0499992370605
2022-05-30,63.25,72.0999984741211,62.5999984741211,71.0500030517578,124103600,71.0500030517578
2022-05-31,68.5,77.6999969482422,67.4000015258789,74.6500015258789,184333900,74.6500015258789
2022-06-01,75.4000015258789,79.8000030517578,73.0999984741211,74.6999969482422,127949700,74.6999969482422
2022-06-02,74.4000015258789,74.4000015258789,71.4000015258789,71.9499969482422,47866800,71.9499969482422
2022-06-03,73.9000015258789,74.8499984741211,71.1999969482422,72.1500015258789,35779760,72.1500015258789
2022-06-06,70,71.1999969482422,69.1999969482422,69.9000015258789,30078460,69.9000015258789
2022-06-07,69.6999969482422,69.6999969482422,64.75,65.4000015258789,41755330,65.4000015258789
2022-06-08,66,68.5999984741211,64.0999984741211,67.1500015258789,46697870,67.1500015258789
2022-06-09,66.1999969482422,69.6999969482422,65,68.6999969482422,47653870,68.6999969482422
2022-06-10,67.3000030517578,69.6999969482422,66.5,69,42040370,69
2022-06-13,67.5,68.3000030517578,65.4000015258789,67.5,34863270,67.5
2022-06-14,64.1999969482422,70.75,64,70,66677000,70
2022-06-15,70.6500015258789,71.9000015258789,68.9499969482422,70.1999969482422,33246360,70.1999969482422
2022-06-16,72,72,66.0999984741211,67.1999969482422,41879880,67.1999969482422
2022-06-17,65.6500015258789,69.4000015258789,65.3000030517578,67.0500030517578,33597220,67.0500030517578
2022-06-20,68,68,64.0500030517578,65,27409010,65
2022-06-21,65.5,67.25,65.3499984741211,66.0500030517578,22905670,66.0500030517578
2022-06-22,65.9499969482422,68.5999984741211,65,67.5999984741211,35026600,67.5999984741211
2022-06-23,67.0500030517578,70,66.5,69.5500030517578,33785880,69.5500030517578
2022-06-24,71,71.8499984741211,69.5500030517578,70.5,23948410,70.5
2022-06-27,72.6500015258789,72.6999969482422,65,65.8499984741211,110751300,65.8499984741211
2022-06-28,65.6999969482422,65.6999969482422,59.6500015258789,60.2999992370605,120959400,60.2999992370605
2022-06-29,58.75,61.4500007629395,56.8499984741211,57.2999992370605,96955320,57.2999992370605
2022-06-30,57.7999992370605,59,53.3499984741211,53.8499984741211,106893600,53.8499984741211
2022-07-01,54.1500015258789,56.7000007629395,52.5499992370605,56.1500015258789,112078600,56.1500015258789
2022-07-04,54.5,55.7999992370605,53.2999992370605,54.2999992370605,56902450,54.2999992370605
2022-07-05,55.4000015258789,55.9000015258789,54.3499984741211,55.4500007629395,51276620,55.4500007629395
2022-07-06,55.7999992370605,55.7999992370605,53.9000015258789,54.3499984741211,32403440,54.3499984741211
2022-07-07,54.6500015258789,55.1500015258789,53.75,54.4500007629395,35759420,54.4500007629395
2022-07-08,55,55.2999992370605,54.2999992370605,54.7999992370605,21413550,54.7999992370605
2022-07-11,54.7000007629395,56.5,54.2000007629395,56.0999984741211,21739000,56.0999984741211
2022-07-12,55.9000015258789,59.6500015258789,55.5,59,57986560,59
2022-07-13,59,61.5,58,58.3499984741211,73383000,58.3499984741211
2022-07-14,58.4000015258789,59,55.2999992370605,55.6500015258789,43024080,55.6500015258789
2022-07-15,56.2000007629395,56.2000007629395,53.3499984741211,53.9000015258789,47995060,53.9000015258789
2022-07-18,54.7000007629395,55.0999984741211,52.8499984741211,53.5999984741211,47689460,53.5999984741211
2022-07-19,53.6500015258789,54.4000015258789,53.2999992370605,53.9500007629395,35427090,53.9500007629395
2022-07-20,54.5,54.5,53.2000007629395,53.4000015258789,37683090,53.4000015258789
2022-07-21,53.3499984741211,54.4500007629395,52.7000007629395,53.5,29402440,53.5
2022-07-22,53.75,54,52.9000015258789,53.6500015258789,27302080,53.6500015258789
2022-07-25,52.5,52.5,46,47.5999984741211,232841100,47.5999984741211
2022-07-26,46.5999984741211,46.6500015258789,41.2000007629395,41.6500015258789,412304700,41.6500015258789
2022-07-27,40.8499984741211,44.4000015258789,40.5999984741211,43.9500007629395,411205100,43.9500007629395
2022-07-28,44.9000015258789,46.2999992370605,43.0499992370605,45.7000007629395,267544500,45.7000007629395
2022-07-29,45.5999984741211,47.2000007629395,44.5499992370605,46.7999992370605,177187900,46.7999992370605
2022-08-01,46.7999992370605,47.25,45.0499992370605,46.2999992370605,135944000,46.2999992370605
2022-08-02,50,55.5499992370605,48.4000015258789,55.5499992370605,528899700,55.5499992370605
2022-08-03,52.5,56.9000015258789,51.75,55.4500007629395,599688300,55.4500007629395
2022-08-04,55.75,58.6500015258789,54.5,57.8499984741211,420183400,57.8499984741211
2022-08-05,57.9000015258789,59.1500015258789,53.25,54.5999984741211,315019000,54.5999984741211
2022-08-08,54.7000007629395,56.2000007629395,54.2000007629395,55.4500007629395,178185000,55.4500007629395
2022-08-10,56.2000007629395,56.5499992370605,54.5,55.9500007629395,200699900,55.9500007629395
2022-08-11,56.9000015258789,58.1500015258789,56.3499984741211,57.9000015258789,130942700,57.9000015258789
2022-08-12,58.0999984741211,63.0999984741211,57.9000015258789,61.75,351208900,61.75
2022-08-16,62.6500015258789,67.4499969482422,62.5,64.25,250686900,64.25
2022-08-17,64.8000030517578,65.5999984741211,61.7999992370605,65.25,258066500,65.25
2022-08-18,65.5999984741211,69.25,65,67.0999984741211,303566800,67.0999984741211
2022-08-19,67.4000015258789,68.25,60.1500015258789,61.4500007629395,295737700,61.4500007629395
2022-08-22,61,62.8499984741211,59.25,62,226773000,62
2022-08-23,62.2999992370605,65.25,62.1500015258789,64.4499969482422,218585100,64.4499969482422
2022-08-24,64.0999984741211,64.1999969482422,61.7000007629395,62.2000007629395,116401000,62.2000007629395
2022-08-25,62.7999992370605,63.2000007629395,61.6500015258789,62.0999984741211,81137100,62.0999984741211
2022-08-26,62.4000015258789,62.7000007629395,60.5499992370605,61.8499984741211,87939030,61.8499984741211
2022-08-29,59.7000007629395,60.5499992370605,58.3499984741211,59.2000007629395,98493340,59.2000007629395
2022-08-30,60.2000007629395,61.25,57.2999992370605,57.9500007629395,162054000,57.9500007629395
2022-09-01,58.7000007629395,63.1500015258789,58.25,62.4500007629395,192477800,62.4500007629395
2022-09-02,63.4000015258789,63.4000015258789,59.4000015258789,59.75,137946700,59.75
2022-09-05,60.4500007629395,60.7999992370605,59.2999992370605,59.6500015258789,84539040,59.6500015258789
2022-09-06,60.2999992370605,60.7999992370605,59.4000015258789,59.7000007629395,70186630,59.7000007629395
2022-09-07,59.6500015258789,60.4000015258789,59.2000007629395,59.5,59843730,59.5
2022-09-08,60.3499984741211,62.5,59.7999992370605,61.3499984741211,128430000,61.3499984741211
2022-09-09,62,63.6500015258789,62,62.7999992370605,139369400,62.7999992370605
2022-09-12,63,63.2000007629395,62.25,62.5499992370605,64044340,62.5499992370605
2022-09-13,63,66.5999984741211,62.7999992370605,65.4499969482422,199032700,65.4499969482422
2022-09-14,64.0500030517578,65.1500015258789,62.75,63.2999992370605,119824300,63.2999992370605
2022-09-15,64,64.9000015258789,63.2999992370605,64.5999984741211,88185940,64.5999984741211
2022-09-16,64.4000015258789,65,61.0999984741211,63.2000007629395,196537400,63.2000007629395
2022-09-19,64.1999969482422,65.4499969482422,63.4500007629395,63.9500007629395,70453100,63.9500007629395
2022-09-20,64.9000015258789,65.6999969482422,62.4000015258789,62.8499984741211,77904810,62.8499984741211
2022-09-21,63.2999992370605,63.9500007629395,62.4000015258789,63.4500007629395,59131990,63.4500007629395
2022-09-22,62.9000015258789,63.75,62.5999984741211,63.2999992370605,34716570,63.2999992370605
2022-09-23,63,63.3499984741211,60.4000015258789,60.7999992370605,56730280,60.7999992370605
2022-09-26,60,60.6500015258789,57.4000015258789,57.7999992370605,65832870,57.7999992370605
2022-09-27,58.1500015258789,59.75,56.9500007629395,58.8499984741211,79641870,58.8499984741211
2022-09-28,57.7999992370605,59.25,57.5,58.0499992370605,64334020,58.0499992370605
2022-09-29,59.2000007629395,62,58.9000015258789,61.2000007629395,76969690,61.2000007629395
2022-09-30,61.5,62.8499984741211,59.75,62.3499984741211,71494890,62.3499984741211
2022-10-03,62,63.0999984741211,61.2000007629395,61.9000015258789,44528870,61.9000015258789
2022-10-04,63.0999984741211,64.4499969482422,63,64.0500030517578,47077000,64.0500030517578
2022-10-06,64.4000015258789,66.1500015258789,64.25,65.5500030517578,59866070,65.5500030517578
2022-10-07,65.1500015258789,70.1999969482422,64.5999984741211,69.5500030517578,170879500,69.5500030517578
2022-10-10,68.4000015258789,69.6999969482422,67.5,68.6999969482422,87158480,68.6999969482422
2022-10-11,68.4000015258789,69.1999969482422,65,65.5500030517578,70171060,65.5500030517578
2022-10-12,65.6500015258789,66.4499969482422,63.0499992370605,63.75,67799710,63.75
2022-10-13,64.0999984741211,64.6500015258789,61,61.25,73750800,61.25
2022-10-14,63,64.1500015258789,61.5999984741211,61.9000015258789,85139330,61.9000015258789
2022-10-17,61.9000015258789,63.25,61.1500015258789,62.6500015258789,56007730,62.6500015258789
2022-10-18,63.6500015258789,64.4000015258789,62.75,63,49431270,63
2022-10-19,63.4000015258789,63.7000007629395,61.5,62.0499992370605,52638790,62.0499992370605
2022-10-20,61.7000007629395,62,60.8499984741211,61.2999992370605,57513130,61.2999992370605
2022-10-21,61.7999992370605,63.2000007629395,61.2999992370605,61.7999992370605,65825880,61.7999992370605
2022-10-24,62.9000015258789,62.9500007629395,62.0499992370605,62.3499984741211,7775480,62.3499984741211
2022-10-25,62.7000007629395,64.9000015258789,62.4000015258789,64.5999984741211,81043490,64.5999984741211
2022-10-27,64.0999984741211,65.6500015258789,63.5,65.0999984741211,64853360,65.0999984741211
2022-10-28,65.25,65.6999969482422,62.2999992370605,62.5999984741211,56787300,62.5999984741211
2022-10-31,63.5999984741211,63.8499984741211,62.0999984741211,63.0999984741211,45949860,63.0999984741211
2022-11-01,63.5,63.75,62.7000007629395,63.5,50425920,63.5
2022-11-02,63.75,64.6999969482422,62.7000007629395,63,52915030,63
2022-11-03,62.7999992370605,62.7999992370605,62,62.2000007629395,31729450,62.2000007629395
2022-11-04,62.75,63.6500015258789,62.4500007629395,63,35296900,63
2022-11-07,63.8499984741211,65.4499969482422,63.25,65.0999984741211,56815390,65.0999984741211
2022-11-09,65.4499969482422,67.5,65,65.3000030517578,87424590,65.3000030517578
2022-11-10,65.5,65.9499969482422,63.1500015258789,63.9500007629395,44332610,63.9500007629395
2022-11-11,66,73.5500030517578,65.5,72.8000030517578,397758800,72.8000030517578
2022-11-14,74.3000030517578,75.4499969482422,69.0500030517578,69.5999984741211,186727000,69.5999984741211
2022-11-15,69.5999984741211,71.1500015258789,69.0999984741211,69.9499969482422,68397100,69.9499969482422
2022-11-16,69.9499969482422,70.5,67.6999969482422,68.6999969482422,75425520,68.6999969482422
2022-11-17,68.4000015258789,69.8000030517578,67.5,67.6999969482422,60115700,67.6999969482422
2022-11-18,68.1500015258789,69.3499984741211,66.9000015258789,67.1500015258789,62855690,67.1500015258789
2022-11-21,66.4000015258789,66.4000015258789,63.7999992370605,64.3000030517578,85998310,64.3000030517578
2022-11-22,64.9000015258789,64.9000015258789,63.2999992370605,63.9500007629395,50715390,63.9500007629395
2022-11-23,63.5,64.3000030517578,61.4000015258789,61.75,69815600,61.75
2022-11-24,62.2999992370605,64.0999984741211,62.0499992370605,63.2000007629395,90679980,63.2000007629395
2022-11-25,64,64.9000015258789,63.0499992370605,64,74237520,64
2022-11-28,64.25,65.3000030517578,63.7999992370605,64.4000015258789,53453540,64.4000015258789
2022-11-29,64.4000015258789,64.9000015258789,63,63.5499992370605,32230340,63.5499992370605
2022-11-30,63,66.8000030517578,61.9000015258789,65.25,549718600,65.25
2022-12-01,66.5,67.1500015258789,65.4000015258789,66.6500015258789,83610560,66.6500015258789
2022-12-02,66.75,68.9000015258789,66.5,68.5500030517578,96262540,68.5500030517578
2022-12-05,68.8499984741211,69,65,65.4499969482422,85107180,65.4499969482422
2022-12-06,64.75,65.4499969482422,64.4499969482422,64.8000030517578,40042680,64.8000030517578
2022-12-07,65.0999984741211,65.4000015258789,64.0999984741211,64.4499969482422,29775690,64.4499969482422
2022-12-08,64.8000030517578,64.8000030517578,63.6500015258789,63.7999992370605,35341240,63.7999992370605
2022-12-09,64.1999969482422,64.8499984741211,63.9000015258789,64.1500015258789,36490400,64.1500015258789
2022-12-12,64.1500015258789,64.75,63.5999984741211,64.4000015258789,20602390,64.4000015258789
2022-12-13,64.8000030517578,65.1999969482422,64.3499984741211,64.5999984741211,21917720,64.5999984741211
2022-12-14,64.8499984741211,65.4499969482422,64.5999984741211,65,24599680,65
2022-12-15,64.9499969482422,65.25,63.7999992370605,64.1500015258789,19011710,64.1500015258789
2022-12-16,63.75,64,61.8499984741211,62.1500015258789,48220910,62.1500015258789
2022-12-19,62.4000015258789,62.7999992370605,62,62.1500015258789,21470290,62.1500015258789
2022-12-20,62.0999984741211,63.2000007629395,61.9000015258789,62.8499984741211,32487660,62.8499984741211
2022-12-21,63.2000007629395,63.5,60.8499984741211,61.3499984741211,39979210,61.3499984741211
2022-12-22,61.7999992370605,62.0499992370605,58.5499992370605,58.9500007629395,53936110,58.9500007629395
2022-12-23,58.2999992370605,58.3499984741211,53.2000007629395,53.6500015258789,93022110,53.6500015258789
2022-12-26,53.9500007629395,59.75,53.4500007629395,58.1500015258789,83571450,58.1500015258789
2022-12-27,59.4000015258789,60.5999984741211,58.5,58.9500007629395,54205000,58.9500007629395
2022-12-28,58.5,60.7999992370605,57.8499984741211,60.1500015258789,70502420,60.1500015258789
2022-12-29,59.5,61.5499992370605,59,60.8499984741211,24973800,60.8499984741211
2022-12-30,61,61.4500007629395,59,59.2999992370605,33251260,59.2999992370605
2023-01-02,60.6500015258789,60.7000007629395,59.7999992370605,60.2999992370605,18759530,60.2999992370605
2023-01-03,58.8499984741211,59.5499992370605,57.2999992370605,58.9500007629395,49702760,58.9500007629395
2023-01-04,58.4000015258789,58.7000007629395,56,56.3499984741211,48975780,56.3499984741211
2023-01-05,56.9500007629395,57.0999984741211,55.5999984741211,56.2000007629395,34448670,56.2000007629395
2023-01-06,56.2000007629395,56.4000015258789,54.9500007629395,55.25,30272410,55.25
2023-01-09,56,57.25,55.75,56,35490330,56
2023-01-10,56,56.1500015258789,53.7999992370605,54.7000007629395,45966330,54.7000007629395
2023-01-11,55,56.1500015258789,54.0999984741211,54.3499984741211,32626660,54.3499984741211
2023-01-12,54.7000007629395,55,52.9500007629395,53.75,38856260,53.75
2023-01-13,54.0999984741211,54.5,53.0499992370605,53.25,38735350,53.25
2023-01-16,54,54.2999992370605,52.5,52.7000007629395,35892300,52.7000007629395
2023-01-17,53,53.0999984741211,50,50.1500015258789,77122980,50.1500015258789
2023-01-18,50.4000015258789,51.4500007629395,48.8499984741211,51,84541850,51
2023-01-19,50.2999992370605,51.9000015258789,50.0499992370605,51.0999984741211,54523340,51.0999984741211
2023-01-20,51.4000015258789,52.25,50.5499992370605,51.4500007629395,47355750,51.4500007629395
2023-01-23,51.9000015258789,51.9000015258789,50.6500015258789,51,24658880,51
2023-01-24,51,52.2999992370605,50.6500015258789,52.0999984741211,47720350,52.0999984741211
2023-01-25,52,52.0499992370605,44.3499984741211,47.75,237764100,47.75
2023-01-27,49,51.7999992370605,46.7000007629395,46.9500007629395,169788400,46.9500007629395
2023-01-30,47.9000015258789,48.5499992370605,46.7000007629395,47.4000015258789,54376630,47.4000015258789
2023-01-31,48,50.7000007629395,46.4500007629395,49.75,95398490,49.75
2023-02-01,50,51.0499992370605,47.0499992370605,48.1500015258789,68752680,48.1500015258789
2023-02-02,48.4000015258789,48.9000015258789,47.1500015258789,47.5,40751680,47.5
2023-02-03,48.1500015258789,49.25,47.7000007629395,48.75,42497840,48.75
2023-02-06,48.7000007629395,49.0999984741211,47.5499992370605,47.75,35956950,47.75
2023-02-07,48,51,47.5999984741211,49.3499984741211,61077390,49.3499984741211
2023-02-08,51.2000007629395,55.2999992370605,51.0999984741211,54.2999992370605,265595800,54.2999992370605
2023-02-09,54.7000007629395,56.7999992370605,53.4000015258789,54.4000015258789,216398600,54.4000015258789
2023-02-10,52.7000007629395,54.1500015258789,50.7000007629395,53.2999992370605,176950200,53.2999992370605
2023-02-13,53,53.7000007629395,51.25,51.7999992370605,86162270,51.7999992370605
2023-02-14,51.7999992370605,52.5,49.9000015258789,50.3499984741211,79395200,50.3499984741211
2023-02-15,50.5499992370605,50.9000015258789,49.7999992370605,50.25,49655880,50.25
2023-02-16,50.7999992370605,51.7999992370605,50.4500007629395,51.4000015258789,48841960,51.4000015258789
2023-02-17,51.25,52.2000007629395,50.7000007629395,51.7999992370605,52862406,51.7999992370605
2023-02-20,51.9000015258789,55.0499992370605,51.75,54.5999984741211,93315250,54.5999984741211
2023-02-21,54.5999984741211,56.1500015258789,54.4000015258789,55.3499984741211,100106000,55.3499984741211
2023-02-22,54.8499984741211,55.4000015258789,52.5999984741211,52.9500007629395,75802020,52.9500007629395
2023-02-23,53,56,52.7999992370605,54.9500007629395,118058900,54.9500007629395
2023-02-24,55.5,56.75,54,54.4500007629395,73440690,54.4500007629395
2023-02-27,54.7000007629395,54.75,53.2000007629395,53.5999984741211,38735550,53.5999984741211
2023-02-28,53.7000007629395,54.4000015258789,53,53.5,45414860,53.5
2023-03-01,53.5,55.3499984741211,53.3499984741211,54.9500007629395,42854820,54.9500007629395
2023-03-02,54.75,55.2000007629395,54.3499984741211,54.5499992370605,36256140,54.5499992370605
2023-03-03,54.9000015258789,55.4000015258789,53.2000007629395,53.6500015258789,36943820,53.6500015258789
2023-03-06,54,54.9500007629395,53.7000007629395,53.9500007629395,33492580,53.9500007629395
2023-03-08,53.4500007629395,55.2999992370605,52.6500015258789,54.7999992370605,44159720,54.7999992370605
2023-03-09,55.0999984741211,56.3499984741211,53.9000015258789,54.0499992370605,56021940,54.0499992370605
2023-03-10,53.7999992370605,54.5,53.2999992370605,53.8499984741211,39226930,53.8499984741211
2023-03-13,53.9500007629395,54.7000007629395,51.5999984741211,51.9000015258789,52374650,51.9000015258789
2023-03-14,52,52.5,50.2000007629395,50.75,52247900,50.75
2023-03-15,51.5,52.2000007629395,50.5499992370605,50.75,38763140,50.75
2023-03-16,50.9000015258789,53.7000007629395,49.8499984741211,53.0499992370605,61237050,53.0499992370605
2023-03-17,53.4500007629395,55.75,53.0499992370605,54.9000015258789,112918800,54.9000015258789
2023-03-20,53.5999984741211,54.75,52.2000007629395,53.5499992370605,65578910,53.5499992370605
2023-03-21,53.8499984741211,54.1500015258789,52.6500015258789,53,31632950,53
2023-03-22,53.4000015258789,53.9000015258789,52.7000007629395,53.0999984741211,38444990,53.0999984741211
2023-03-23,52.9000015258789,53.2000007629395,52.0999984741211,52.6500015258789,32816290,52.6500015258789
2023-03-24,52.5,52.8499984741211,50.1500015258789,50.6500015258789,67243080,50.6500015258789
2023-03-27,50.7000007629395,51.2999992370605,49.25,50.0999984741211,49618130,50.0999984741211
2023-03-28,50.2000007629395,50.5499992370605,49,50.25,50426170,50.25
2023-03-29,50.25,51.75,49.5999984741211,51.25,41464380,51.25
2023-03-31,51.25,51.7000007629395,50.6500015258789,51,56566130,51
2023-04-03,51.5,52.1500015258789,50.9000015258789,51.9500007629395,29241510,51.9500007629395
2023-04-05,52.0999984741211,52.9000015258789,51.5499992370605,51.7000007629395,25497110,51.7000007629395
2023-04-06,51.75,52.4500007629395,51.2999992370605,52.1500015258789,19695670,52.1500015258789
2023-04-10,52.1500015258789,54.2000007629395,51.7999992370605,53.9500007629395,60655410,53.9500007629395
2023-04-11,54.6500015258789,55.25,53.25,53.9500007629395,41101410,53.9500007629395
2023-04-12,54.25,54.25,52.9000015258789,53.2000007629395,30848060,53.2000007629395
2023-04-13,53.2000007629395,54.1500015258789,52.8499984741211,53.8499984741211,26646270,53.8499984741211
2023-04-17,54.2000007629395,54.25,53,53.9500007629395,24787910,53.9500007629395
2023-04-18,54.0499992370605,54.2000007629395,53.0499992370605,53.2999992370605,27617600,53.2999992370605
2023-04-19,53.5999984741211,55.9500007629395,53.2000007629395,54.1500015258789,62022920,54.1500015258789
2023-04-20,54.1500015258789,54.4000015258789,53.6500015258789,54.2000007629395,23096040,54.2000007629395
2023-04-21,54.2999992370605,56.75,54.0999984741211,56.0499992370605,106707900,56.0499992370605
2023-04-24,55.5,56.4000015258789,54.7000007629395,56,43287480,56
2023-04-25,56.4000015258789,60.5999984741211,56.2000007629395,57.75,199056100,57.75
2023-04-26,58.0999984741211,59,57.0999984741211,58.2000007629395,59765910,58.2000007629395
2023-04-27,58.5999984741211,61.1500015258789,58.3499984741211,60.7000007629395,82969100,60.7000007629395
2023-04-28,60.7999992370605,66,59.5499992370605,64.9000015258789,190938200,64.9000015258789
2023-05-02,64.5,65.6500015258789,63.0499992370605,63.4500007629395,112758200,63.4500007629395
2023-05-03,63.4500007629395,64.9499969482422,63.1500015258789,63.5499992370605,65082310,63.5499992370605
2023-05-04,63.5,66.5999984741211,63.3499984741211,65.6999969482422,123042300,65.6999969482422
2023-05-05,65.5,66.6999969482422,64.25,65.4000015258789,94016130,65.4000015258789
2023-05-08,64.5999984741211,66.1999969482422,63.5,64.9000015258789,104940600,64.9000015258789
2023-05-09,64.6999969482422,64.6999969482422,60.2999992370605,60.9500007629395,127854800,60.9500007629395
2023-05-10,61,62.9000015258789,60.9500007629395,61.7999992370605,70220890,61.7999992370605
2023-05-11,62.5999984741211,63.5,62,62.4000015258789,75062850,62.4000015258789
2023-05-12,62.5,63.6500015258789,61.5999984741211,62.5999984741211,73164520,62.5999984741211
2023-05-15,62.0999984741211,64.0999984741211,61.9500007629395,63.7000007629395,55886000,63.7000007629395
2023-05-16,64,65,62.4000015258789,63,59311530,63
2023-05-17,63,64.0500030517578,62.25,63.3499984741211,47444520,63.3499984741211
2023-05-18,NA,NA,NA,NA,NA,NA
2023-05-19,63.9500007629395,65,63.2000007629395,64.5,73620030,64.5
2023-05-22,64.6999969482422,66.8499984741211,61.7999992370605,63.5,147006600,63.5
2023-05-23,63.0499992370605,64,62.5499992370605,63.2000007629395,50797750,63.2000007629395
2023-05-24,63,64.6999969482422,62.75,64.4499969482422,60476720,64.4499969482422
2023-05-25,64.8000030517578,68.1999969482422,64.5,67.3000030517578,139721300,67.3000030517578
2023-05-26,67.3000030517578,68.25,65.75,67.25,86466130,67.25
2023-05-29,NA,NA,NA,NA,NA,NA
2023-05-30,67.5,68.3000030517578,66.4499969482422,66.8499984741211,60699580,66.8499984741211
2023-05-31,67.3000030517578,70,66.3000030517578,69.0500030517578,251813300,69.0500030517578
2023-06-01,68.6999969482422,68.8000030517578,67.5999984741211,67.9499969482422,57846080,67.9499969482422
2023-06-02,70,73.1999969482422,69.5,71.1500015258789,170769100,71.1500015258789
2023-06-05,71.3000030517578,72.1500015258789,69.5999984741211,71.25,84075160,71.25
2023-06-06,71.5500030517578,73.1500015258789,71.3499984741211,72.3499984741211,64762950,72.3499984741211
2023-06-07,72.5,75,72.4000015258789,74.5,67871840,74.5
2023-06-08,74.8000030517578,76.3499984741211,73.6999969482422,75.8000030517578,88006840,75.8000030517578
2023-06-09,77.0500030517578,78,75.8499984741211,77.5999984741211,77276800,77.5999984741211
2023-06-12,78.3000030517578,80.3000030517578,76.5,77.9499969482422,105388100,77.9499969482422
2023-06-13,77.9000015258789,78.8000030517578,76.6999969482422,78.3000030517578,81857150,78.3000030517578
2023-06-14,78.3000030517578,78.4499969482422,73.25,74.0999984741211,83186940,74.0999984741211
2023-06-15,74.5,76.0999984741211,73.0999984741211,75.0999984741211,93321130,75.0999984741211
2023-06-16,75.5500030517578,76,73.9000015258789,74.4499969482422,45783610,74.4499969482422
2023-06-19,74.5999984741211,77,74.0999984741211,75.8499984741211,62744980,75.8499984741211
2023-06-20,76,76.4000015258789,74.8000030517578,75.8499984741211,30591590,75.8499984741211
2023-06-21,76.0999984741211,77.3499984741211,74.6500015258789,75.0999984741211,31896510,75.0999984741211
2023-06-22,75.5,75.8499984741211,73.6500015258789,74.3499984741211,40419760,74.3499984741211
2023-06-23,73.9000015258789,75.3000030517578,72.5500030517578,74.1500015258789,51775720,74.1500015258789
2023-06-26,74.1500015258789,75.25,73.8000030517578,74.8499984741211,30411620,74.8499984741211
2023-06-27,75.1500015258789,76.9499969482422,74.8499984741211,76.1500015258789,59078130,76.1500015258789
2023-06-28,77,77,74.5999984741211,74.9000015258789,30574520,74.9000015258789
2023-06-30,75,75.4499969482422,74,75.0500030517578,49245370,75.0500030517578
2023-07-03,NA,NA,NA,NA,NA,NA
2023-07-04,NA,NA,NA,NA,NA,NA
2023-07-05,NA,NA,NA,NA,NA,NA
2023-07-06,NA,NA,NA,NA,NA,NA
2023-07-07,74.8000030517578,74.9000015258789,73,73.25,26599770,73.25
2023-07-10,73.4499969482422,75.5500030517578,73.4000015258789,74.8000030517578,33812200,74.8000030517578
2023-07-11,NA,NA,NA,NA,NA,NA
2023-07-12,NA,NA,NA,NA,NA,NA
2023-07-13,NA,NA,NA,NA,NA,NA
2023-07-14,84,85.25,81.6500015258789,82.5500030517578,91571300,82.5500030517578
2023-07-17,83.1999969482422,83.4000015258789,79.5,80.1500015258789,43377340,80.1500015258789
2023-07-18,NA,NA,NA,NA,NA,NA
2023-07-19,79,80.3499984741211,77.25,77.6500015258789,42130920,77.6500015258789
2023-07-20,78.0500030517578,79.0999984741211,77.3000030517578,77.5999984741211,40495230,77.5999984741211
2023-07-21,77.8499984741211,80.6999969482422,77.4000015258789,80.3000030517578,74991210,80.3000030517578
2023-07-24,80.8000030517578,82.4499969482422,80.5500030517578,81.3000030517578,64291280,81.3000030517578
2023-07-25,NA,NA,NA,NA,NA,NA
2023-07-26,83.0999984741211,84.5999984741211,82.5,83.3499984741211,59291220,83.3499984741211
2023-07-27,NA,NA,NA,NA,NA,NA
2023-07-28,85.5999984741211,87.25,83.8499984741211,86.8000030517578,74798620,86.8000030517578
2023-07-31,NA,NA,NA,NA,NA,NA
2023-08-01,NA,NA,NA,NA,NA,NA
2023-08-02,NA,NA,NA,NA,NA,NA
2023-08-03,81.5999984741211,88.4000015258789,81.5999984741211,86.5500030517578,123480800,86.5500030517578
2023-08-04,89,98.4000015258789,88.4000015258789,95.4000015258789,405751600,95.4000015258789
2023-08-07,97.4000015258789,102.849998474121,96.3499984741211,97.5999984741211,249331600,97.5999984741211
2023-08-08,98.3499984741211,100.300003051758,92.6999969482422,93.4499969482422,160236100,93.4499969482422
2023-08-09,93.9000015258789,94.8499984741211,91.5999984741211,94.0999984741211,109240900,94.0999984741211
2023-08-10,94.0999984741211,96.1500015258789,93.25,94.25,87598550,94.25
2023-08-11,94.5999984741211,95.1999969482422,93.0500030517578,93.4499969482422,38156800,93.4499969482422
2023-08-14,93.4000015258789,93.4000015258789,91.3499984741211,92.75,46668440,92.75
2023-08-16,92.4499969482422,95.5999984741211,91.5,91.9000015258789,76333130,91.9000015258789
2023-08-17,92.3000030517578,93.25,90.5,91.1500015258789,45657090,91.1500015258789
2023-08-18,91,91.4000015258789,89,89.3499984741211,50513070,89.3499984741211
2023-08-21,90.5,90.5,88.3000030517578,89.75,36755760,89.75
2023-08-22,90.3000030517578,94.3000030517578,90.0999984741211,91.9000015258789,104409200,91.9000015258789
2023-08-23,92.9499969482422,95,92.0500030517578,94.3000030517578,64768230,94.3000030517578
2023-08-24,95.75,95.75,93.1999969482422,93.8000030517578,47597100,93.8000030517578
2023-08-25,93.3499984741211,93.3499984741211,90.0500030517578,91,65076320,91
2023-08-28,96,96.0999984741211,91.75,92.3499984741211,141118400,92.3499984741211
2023-08-29,92.75,95,92.5999984741211,94.6999969482422,86708310,94.6999969482422
2023-08-30,99.5,100.5,97.1999969482422,99.8000030517578,250111700,99.8000030517578
2023-08-31,100.050003051758,100.800003051758,96.6999969482422,97.5999984741211,113063600,97.5999984741211
2023-09-01,98.3000030517578,98.3499984741211,96.8499984741211,97.1999969482422,47561920,97.1999969482422
2023-09-04,97.5,98.5999984741211,97.3000030517578,98.0500030517578,37447910,98.0500030517578
2023-09-05,98.1500015258789,99.3000030517578,97.0500030517578,98.1999969482422,51133940,98.1999969482422
2023-09-06,98.4000015258789,98.8499984741211,97.6500015258789,98.1999969482422,28329660,98.1999969482422
2023-09-07,98.6500015258789,101.599998474121,98.1999969482422,100.050003051758,111222700,100.050003051758
2023-09-08,100.75,101.099998474121,99,99.5999984741211,63482360,99.5999984741211
2023-09-11,100,102.550003051758,99.1999969482422,101.349998474121,83850670,101.349998474121
2023-09-12,102.400001525879,102.5,96.5,98.75,90911790,98.75
2023-09-13,98.75,100.75,97,97.9000015258789,71661110,97.9000015258789
2023-09-14,98.6500015258789,100.099998474121,98.1999969482422,99.4499969482422,45226050,99.4499969482422
2023-09-15,100.5,104.449996948242,100.349998474121,102.949996948242,148853100,102.949996948242
2023-09-18,103.599998474121,105,101.650001525879,102.150001525879,69476640,102.150001525879
2023-09-20,101.300003051758,104.900001525879,99.3000030517578,100,104115500,100
2023-09-21,100,100.949996948242,98.25,99.1500015258789,40591610,99.1500015258789
2023-09-22,99.5,101.400001525879,98.6999969482422,99.9000015258789,39492720,99.9000015258789
2023-09-25,100.300003051758,100.5,97.75,98.4499969482422,34410970,98.4499969482422
2023-09-26,98.5999984741211,100.400001525879,97.9000015258789,99.9000015258789,36822520,99.9000015258789
2023-09-27,99.9000015258789,101.199996948242,98.5,100.099998474121,34894250,100.099998474121
2023-09-28,100.349998474121,100.599998474121,99.3000030517578,99.9499969482422,25885380,99.9499969482422
2023-09-29,100.050003051758,102.75,99.5999984741211,101.5,49524810,101.5
2023-10-03,101,105.900001525879,100,105.300003051758,82983680,105.300003051758
2023-10-04,104.400001525879,104.400001525879,100.349998474121,100.75,68727960,100.75
2023-10-05,102.599998474121,107.699996948242,102.349998474121,105.400001525879,140096800,105.400001525879
2023-10-06,106.400001525879,107.199996948242,104,104.449996948242,65041430,104.449996948242
2023-10-09,103.800003051758,105.25,101,103.900001525879,53811650,103.900001525879
2023-10-10,104.900001525879,107.949996948242,104.650001525879,106.050003051758,67712320,106.050003051758
2023-10-11,106.800003051758,109.800003051758,106.550003051758,109,93838780,109
2023-10-12,110.199996948242,113.25,109.5,109.849998474121,117710800,109.849998474121
2023-10-13,109.849998474121,111.800003051758,109.099998474121,111,55786060,111
2023-10-16,111.900001525879,112.75,110.849998474121,111.5,47455520,111.5
2023-10-17,112.5,114.199996948242,111.5,113.849998474121,55351890,113.849998474121
2023-10-18,114.5,115.099998474121,109.5,113.199996948242,100553800,113.199996948242
2023-10-19,112,113.150001525879,110.650001525879,111.650001525879,43517010,111.650001525879
2023-10-20,114,114.5,112.150001525879,113.349998474121,64427430,113.349998474121
2023-10-23,113.800003051758,113.900001525879,106.800003051758,108.900001525879,70944550,108.900001525879
2023-10-25,105.650001525879,109.5,105.550003051758,108.25,59685080,108.25
2023-10-26,107.5,108,101.25,106.449996948242,108605500,106.449996948242
2023-10-27,107.349998474121,109.25,105.050003051758,105.650001525879,43738540,105.650001525879
2023-10-30,106.199996948242,108.599998474121,105.699996948242,107.699996948242,48282250,107.699996948242
2023-10-31,107.849998474121,108.150001525879,104.25,105.099998474121,49382530,105.099998474121
2023-11-01,105.599998474121,107.150001525879,103.25,103.699996948242,47911250,103.699996948242
2023-11-02,105,108,104.900001525879,107.550003051758,47086200,107.550003051758
2023-11-03,108.800003051758,119.900001525879,108.699996948242,116.5,238833300,116.5
2023-11-06,119.599998474121,123.900001525879,118.25,123.300003051758,186288900,123.300003051758
2023-11-07,123.550003051758,126.349998474121,120.5,121.300003051758,120886000,121.300003051758
2023-11-08,122,125.699996948242,121.300003051758,125.150001525879,75041680,125.150001525879
2023-11-09,125.25,125.550003051758,121.349998474121,121.849998474121,50307830,121.849998474121
2023-11-10,122,123.300003051758,120.699996948242,121.300003051758,43388160,121.300003051758
2023-11-13,122.650001525879,123.099998474121,121.5,122.199996948242,28348140,122.199996948242
2023-11-15,123.300003051758,125.199996948242,119.75,120.25,60088810,120.25
2023-11-16,120.900001525879,122.550003051758,120.699996948242,121.849998474121,36895080,121.849998474121
2023-11-17,122,125,121.5,122.199996948242,43882210,122.199996948242
2023-11-20,122.849998474121,123.400001525879,117.349998474121,118.150001525879,52784470,118.150001525879
2023-11-21,118.550003051758,119,116.050003051758,116.5,45193550,116.5
2023-11-22,116,117.800003051758,114.349998474121,115.300003051758,52799860,115.300003051758
2023-11-23,113.599998474121,115.75,112.5,112.949996948242,56329090,112.949996948242
2023-11-24,114.150001525879,116,112.900001525879,113.25,49980080,113.25
2023-11-28,114.900001525879,116.900001525879,113.5,113.800003051758,61963720,113.800003051758
2023-11-29,117,119.199996948242,114,116.599998474121,115274000,116.599998474121
2023-11-30,118.800003051758,120.699996948242,116.150001525879,118.550003051758,225208100,118.550003051758
2023-12-01,118,118.349998474121,115.099998474121,116.300003051758,57261070,116.300003051758
2023-12-04,118.75,119,116.25,117.400001525879,66057180,117.400001525879
2023-12-05,117.900001525879,118.25,116.25,116.75,57483300,116.75
2023-12-06,117.150001525879,119.699996948242,116.599998474121,118.900001525879,48171750,118.900001525879
2023-12-07,119.599998474121,122.199996948242,118.400001525879,121.699996948242,52483560,121.699996948242
2023-12-08,123,123.900001525879,119.300003051758,119.949996948242,44213190,119.949996948242
2023-12-11,119.949996948242,120.5,117.550003051758,118.449996948242,32372280,118.449996948242
2023-12-12,119,119.300003051758,114.150001525879,116.75,40800530,116.75
2023-12-13,116.900001525879,120.5,116.150001525879,120,48092320,120
2023-12-14,121,124.949996948242,120.5,124.150001525879,74178490,124.150001525879
2023-12-15,124.5,125,122.400001525879,123.599998474121,39542770,123.599998474121
2023-12-18,123.400001525879,129.199996948242,121.550003051758,128.550003051758,89553150,128.550003051758
2023-12-19,129,131.75,127.400001525879,130.25,64117310,130.25
2023-12-20,130.350006103516,131,123.150001525879,124.75,49006050,124.75
2023-12-21,122.150001525879,128.699996948242,120.199996948242,127.349998474121,52326120,127.349998474121
2023-12-22,130.550003051758,131,125.300003051758,128.5,63113800,128.5
2023-12-26,128.5,128.699996948242,124.300003051758,125,25499780,125
2023-12-27,125.699996948242,127.599998474121,125.550003051758,127.050003051758,21757560,127.050003051758
2023-12-28,124.900001525879,125.5,120.599998474121,123.199996948242,72865470,123.199996948242
2023-12-29,124,125.550003051758,123.25,123.699996948242,27512600,123.699996948242
2024-01-01,124.449996948242,125.599998474121,122.849998474121,124.5,24228680,124.5
2024-01-02,127,129.449996948242,125.5,128.699996948242,69395950,128.699996948242
2024-01-03,128.800003051758,130.25,127.099998474121,127.550003051758,39101170,127.550003051758
2024-01-04,128.399993896484,130.899993896484,126.449996948242,129.75,45285620,129.75
2024-01-05,130.899993896484,134.350006103516,128.949996948242,133.300003051758,55608920,133.300003051758
2024-01-08,133.649993896484,133.649993896484,130,132.850006103516,38912420,132.850006103516
2024-01-09,133.199996948242,135,132.600006103516,134.300003051758,33803260,134.300003051758
2024-01-10,134.25,136.149993896484,132.25,134.649993896484,29917880,134.649993896484
2024-01-11,135.300003051758,139,135.050003051758,138.350006103516,41809410,138.350006103516
2024-01-12,140,141.5,136.800003051758,139.550003051758,45508270,139.550003051758
2024-01-15,139.550003051758,139.850006103516,132.850006103516,133.399993896484,53570260,133.399993896484
2024-01-16,135,135.300003051758,131,133.550003051758,47043420,133.550003051758
2024-01-17,132.399993896484,132.399993896484,126.75,127.400001525879,76780520,127.400001525879
2024-01-18,NA,NA,NA,NA,NA,NA
2024-01-19,130.5,135.5,128,135.050003051758,81155010,135.050003051758
2024-01-23,136.300003051758,137.300003051758,127,130.100006103516,72520620,130.100006103516
2024-01-24,131.449996948242,136.899993896484,129.800003051758,136.199996948242,54612760,136.199996948242
2024-01-25,135.899993896484,138.199996948242,132.800003051758,136.149993896484,60682540,136.149993896484
2024-01-29,136.899993896484,137.699996948242,132.350006103516,135.550003051758,55871010,135.550003051758
2024-01-30,135.850006103516,138.800003051758,134.649993896484,137.199996948242,57612020,137.199996948242
2024-01-31,140,142,138,139.550003051758,89833020,139.550003051758
2024-02-01,141,143.5,138.550003051758,140.550003051758,70252440,140.550003051758
2024-02-02,141.800003051758,145,141.449996948242,143.800003051758,78666450,143.800003051758
2024-02-05,145,145.399993896484,138.25,140.25,54189680,140.25
2024-02-06,140.399993896484,141.800003051758,138.050003051758,139.949996948242,46782950,139.949996948242
2024-02-07,141,142.899993896484,139.649993896484,140.399993896484,75083250,140.399993896484
2024-02-08,142.5,147.5,139,144.100006103516,184839600,144.100006103516
2024-02-09,146.899993896484,151.399993896484,142.25,149.449996948242,257918900,149.449996948242
2024-02-12,151,158.800003051758,149.5,153.800003051758,155848100,153.800003051758
2024-02-13,154.350006103516,157.899993896484,149,154.75,79935680,154.75
2024-02-14,152.949996948242,153.75,150.100006103516,152.25,38221080,152.25
2024-02-15,157,159.199996948242,154,154.850006103516,77367580,154.850006103516
2024-02-16,156.899993896484,160,155.350006103516,156.699996948242,61209330,156.699996948242
2024-02-19,157.449996948242,160.449996948242,155.600006103516,157.5,60218200,157.5
2024-02-20,159.699996948242,163.800003051758,158.699996948242,161.050003051758,85356670,161.050003051758
2024-02-21,162.300003051758,167.800003051758,157.600006103516,158.649993896484,91140940,158.649993896484
2024-02-22,159.550003051758,163,156.600006103516,162.100006103516,67614840,162.100006103516
2024-02-23,162.399993896484,164.800003051758,160.800003051758,164.050003051758,37200710,164.050003051758
2024-02-26,165.199996948242,168.5,163.149993896484,164.199996948242,33433560,164.199996948242
2024-02-27,163.75,163.850006103516,158,161.300003051758,29921490,161.300003051758
2024-02-28,161.899993896484,161.949996948242,155.350006103516,159.350006103516,41883110,159.350006103516
2024-02-29,156.449996948242,168.850006103516,155.449996948242,165.449996948242,175785400,165.449996948242
2024-03-01,168,173.5,165.600006103516,166.5,42587330,166.5
2024-03-04,168,175.600006103516,168,169.800003051758,55751420,169.800003051758
2024-03-05,170.75,171.5,164.050003051758,165.850006103516,29313860,165.850006103516
2024-03-06,164.399993896484,164.399993896484,157.5,161.550003051758,95621540,161.550003051758
2024-03-07,161.75,163.449996948242,158.649993896484,160,43685230,160
2024-03-11,161,163.199996948242,149,154.850006103516,51519590,154.850006103516
2024-03-12,156.600006103516,157.899993896484,152.149993896484,156.899993896484,31159760,156.899993896484
2024-03-13,157.449996948242,158.25,147.5,148.649993896484,53202090,148.649993896484
2024-03-14,147.100006103516,157.300003051758,144.300003051758,152.75,45708360,152.75
2024-03-15,152.850006103516,161.699996948242,152.449996948242,160.050003051758,95085420,160.050003051758
2024-03-18,162.5,164.449996948242,157.25,158.25,35382750,158.25
2024-03-19,158.600006103516,161.449996948242,156.5,157.949996948242,24847680,157.949996948242
2024-03-20,159.449996948242,166.699996948242,159,165.600006103516,45544050,165.600006103516
2024-03-21,168,171,166.399993896484,169.649993896484,42227960,169.649993896484
2024-03-22,170.449996948242,174.899993896484,169.050003051758,174.199996948242,41776490,174.199996948242
2024-03-26,173.399993896484,183.649993896484,172.199996948242,182.600006103516,64590290,182.600006103516
2024-03-27,183.600006103516,189,177.199996948242,179.449996948242,50528760,179.449996948242
2024-03-28,179.800003051758,184.699996948242,176,182.100006103516,42567440,182.100006103516
2024-04-01,183.899993896484,188.199996948242,182.75,184.5,20789200,184.5
2024-04-02,185,185,180.75,183.100006103516,36346390,183.100006103516
2024-04-03,181.949996948242,182,177.850006103516,178.300003051758,24268720,178.300003051758
2024-04-04,180.5,188.149993896484,180.25,187,52772050,187
2024-04-05,188.25,191.800003051758,187.25,190.5,35235130,190.5
2024-04-08,191.600006103516,194,190.550003051758,191.800003051758,23092880,191.800003051758
2024-04-09,192.550003051758,195.5,188.75,193.699996948242,30824710,193.699996948242
2024-04-10,195,199.600006103516,194.050003051758,196.899993896484,35141520,196.899993896484
2024-04-12,195.850006103516,199.699996948242,190.5,192.100006103516,56543860,192.100006103516
2024-04-15,188,192.399993896484,184.5,188.300003051758,48456560,188.300003051758
2024-04-16,187,189.300003051758,183.899993896484,186.449996948242,43273460,186.449996948242
2024-04-18,188.5,189.25,183,185.199996948242,35346370,185.199996948242
2024-04-19,182.300003051758,191,181.399993896484,189.199996948242,34112200,189.199996948242
2024-04-22,193,197.699996948242,190.800003051758,193.350006103516,28792290,193.350006103516
2024-04-23,194.399993896484,194.5,186.600006103516,187.449996948242,35740730,187.449996948242
2024-04-24,189,189.100006103516,183.149993896484,184.399993896484,32622310,184.399993896484
2024-04-25,184,188.899993896484,182.5,184.699996948242,38839520,184.699996948242
2024-04-26,189,190.449996948242,186.350006103516,188.100006103516,33778140,188.100006103516
2024-04-29,189.399993896484,194.300003051758,186.449996948242,193.600006103516,33415230,193.600006103516
2024-04-30,195,196.949996948242,192.199996948242,193.149993896484,39383260,193.149993896484
2024-05-02,193.600006103516,195.949996948242,192.75,195.449996948242,27391440,195.449996948242
2024-05-03,196.800003051758,200.350006103516,193.100006103516,197.25,37882270,197.25
2024-05-06,199,202,194.5,195.699996948242,26394230,195.699996948242
2024-05-07,196.149993896484,196.350006103516,182.350006103516,191.449996948242,48161260,191.449996948242
2024-05-08,190.649993896484,196,187.300003051758,195.449996948242,47941400,195.449996948242
2024-05-09,195,199.699996948242,193.100006103516,195.25,47274760,195.25
2024-05-10,196.350006103516,205,189.899993896484,201.300003051758,52717900,201.300003051758
2024-05-13,205.800003051758,207.199996948242,186.75,194.300003051758,114135900,194.300003051758
2024-05-14,191.699996948242,193.449996948242,182.100006103516,187.300003051758,110070700,187.300003051758
2024-05-15,188.800003051758,193.399993896484,183.149993896484,192,44772990,192
2024-05-16,192.899993896484,195.850006103516,189,195.199996948242,35478590,195.199996948242
2024-05-17,195.149993896484,196,193.100006103516,194.850006103516,20841350,194.850006103516
2024-05-21,194.399993896484,196.5,188.75,189.100006103516,33453170,189.100006103516
2024-05-22,190,190,183.350006103516,185.5,40374410,185.5
2024-05-23,186.5,189.399993896484,184.5,186.800003051758,20931130,186.800003051758
2024-05-24,188,188,179.100006103516,182.899993896484,37064090,182.899993896484
2024-05-27,183.899993896484,185.449996948242,178.399993896484,183.649993896484,47652250,183.649993896484
2024-05-28,184.350006103516,184.800003051758,180.399993896484,181.600006103516,34444520,181.600006103516
2024-05-29,180.550003051758,185.399993896484,180,183.350006103516,30888200,183.350006103516
2024-05-30,183,185,179,180.600006103516,33684170,180.600006103516
2024-05-31,178.800003051758,183.149993896484,171.25,179.149993896484,149283400,179.149993896484
2024-06-03,184.5,185.5,175,175.449996948242,53437120,175.449996948242
2024-06-04,176.5,176.5,146.300003051758,172,75272850,172
2024-06-05,175,185.300003051758,166.75,183.800003051758,57213530,183.800003051758
2024-06-06,185,185.800003051758,182.5,183.649993896484,20887550,183.649993896484
2024-06-07,182.5,187,180.699996948242,184,33175400,184
2024-06-10,184,186.5,181.559997558594,182.160003662109,33163470,182.160003662109
2024-06-11,182.600006103516,186,180.100006103516,184.020004272461,41803810,184.020004272461
2024-06-12,184.389999389648,184.880004882812,179.330001831055,179.649993896484,42830410,179.649993896484
2024-06-13,183.800003051758,185.800003051758,180.149993896484,184.940002441406,47891480,184.940002441406
2024-06-14,185.699996948242,186.600006103516,184.050003051758,186.240005493164,29823710,186.240005493164
2024-06-18,187.5,189.100006103516,184.800003051758,188.610000610352,40633370,188.610000610352
2024-06-19,190,201,189.559997558594,198.490005493164,112274800,198.490005493164
2024-06-20,199.990005493164,201.800003051758,195,197.050003051758,44395210,197.050003051758
2024-06-21,197.899993896484,199.949996948242,193.050003051758,193.949996948242,37841130,193.949996948242
2024-06-24,193.899993896484,199.800003051758,191.949996948242,198.919998168945,34201370,198.919998168945
2024-06-25,201.75,204.699996948242,200,202.270004272461,60670560,202.270004272461
2024-06-26,202.559997558594,203.479995727539,196,197.25,38934430,197.25
2024-06-27,198.199996948242,201.5,196,200.149993896484,32535930,200.149993896484
2024-06-28,201.300003051758,203.919998168945,199.100006103516,200.559997558594,37287390,200.559997558594
2024-07-01,199.710006713867,204.5,194.559997558594,203.970001220703,53536850,203.970001220703
2024-07-02,204,209.839996337891,202.25,209.089996337891,65698260,209.089996337891
2024-07-03,209.449996948242,213.949996948242,205.330001831055,208.440002441406,61479240,208.440002441406
2024-07-04,208.389999389648,210.289993286133,206.699996948242,207.440002441406,30004300,207.440002441406
2024-07-05,207,208.399993896484,204.770004272461,207.570007324219,29681220,207.570007324219
2024-07-08,208.25,210,206,207.929992675781,18260120,207.929992675781
2024-07-09,207.800003051758,214,206.610000610352,212.559997558594,39312570,212.559997558594
2024-07-10,213,213.389999389648,205.740005493164,211.369995117188,29852040,211.369995117188
2024-07-11,211.470001220703,218.949996948242,211.369995117188,217.139999389648,45769090,217.139999389648
2024-07-12,219,223.25,217.050003051758,222.470001220703,45580860,222.470001220703
2024-07-15,225,232,225,229.149993896484,51203050,229.149993896484
2024-07-16,230,230.350006103516,215.300003051758,217.490005493164,44681030,217.490005493164
2024-07-18,217.75,221.399993896484,210.25,220.619995117188,58537670,220.619995117188
2024-07-19,217.990005493164,220.490005493164,213.669998168945,218.889999389648,39257870,218.889999389648
2024-07-22,214,222.190002441406,214,221.660003662109,33701480,221.660003662109
2024-07-23,222.5,223.720001220703,207,217.910003662109,36589820,217.910003662109
2024-07-24,217.850006103516,225.5,215.600006103516,223.490005493164,32358780,223.490005493164
2024-07-25,221,223.970001220703,216.949996948242,219.309997558594,26124430,219.309997558594
2024-07-26,219,226.619995117188,216.850006103516,224.619995117188,35693960,224.619995117188
2024-07-29,226.619995117188,229.460006713867,224.100006103516,226.889999389648,40644420,226.889999389648
2024-07-30,226.949996948242,231.199996948242,225.110000610352,227.130004882812,39378460,227.130004882812
2024-07-31,227.610000610352,230.139999389648,226.050003051758,229.449996948242,25009960,229.449996948242
2024-08-01,231,238,228,234.089996337891,87888740,234.089996337891
2024-08-02,244.5,278.700012207031,243,262.339996337891,389060600,262.339996337891
2024-08-05,254,265.549987792969,249,256.290008544922,156106200,256.290008544922
2024-08-06,265.899993896484,275,247.199996948242,249.080001831055,143459600,249.080001831055
2024-08-07,261.529998779297,267.600006103516,251.809997558594,265.670013427734,127379200,265.670013427734
2024-08-08,265,267.5,260,265.589996337891,57917050,265.589996337891
2024-08-09,267.730010986328,272.899993896484,265.549987792969,267.089996337891,52601950,267.089996337891
2024-08-12,263.5,266.489990234375,261.350006103516,263.429992675781,33514960,263.429992675781
2024-08-13,265,265.399993896484,256,257.079986572266,26127100,257.079986572266
2024-08-14,260.299987792969,264.5,255.5,260.140014648438,41735060,260.140014648438
2024-08-16,260.700012207031,266.200012207031,257.010009765625,264.429992675781,42932760,264.429992675781
2024-08-19,278,280.899993896484,261,262.170013427734,80435890,262.170013427734
2024-08-20,262,264.450012207031,258.25,263.119995117188,132396500,263.119995117188
2024-08-21,263.119995117188,264.450012207031,259,260.029998779297,38605740,260.029998779297
2024-08-22,264,267,256.010009765625,257.959991455078,73893280,257.959991455078
2024-08-23,260.410003662109,269.899993896484,258.309997558594,262.649993896484,102220700,262.649993896484
2024-08-26,263.799987792969,264.420013427734,258.100006103516,259.390014648438,36184860,259.390014648438
2024-08-27,NA,NA,NA,NA,NA,NA
2024-08-28,257,257.739990234375,252.149993896484,253.039993286133,28603250,253.039993286133
2024-08-29,254.779998779297,256.350006103516,248.509994506836,252.339996337891,37767470,252.339996337891
2024-08-30,253.5,255.449996948242,248.809997558594,250.529998779297,50157280,250.529998779297
2024-09-02,252,252.300003051758,241.850006103516,244.449996948242,55833050,244.449996948242
2024-09-03,246.75,252.949996948242,245.399993896484,247.699996948242,66538680,247.699996948242
2024-09-04,244.449996948242,245,240.399993896484,242.850006103516,58762230,242.850006103516
2024-09-05,248.050003051758,261.600006103516,246,254.850006103516,115627500,254.850006103516
2024-09-06,255,262.149993896484,254.25,259.950012207031,75700800,259.950012207031
2024-09-09,260,265,256.299987792969,263.200012207031,58534610,263.200012207031
2024-09-10,265.850006103516,270.299987792969,259.549987792969,267.700012207031,68658960,267.700012207031
2024-09-11,268.25,281.5,268.100006103516,271.75,121883700,271.75
2024-09-12,276.299987792969,286,274.299987792969,283.899993896484,101691800,283.899993896484
2024-09-13,285.399993896484,286.450012207031,271.100006103516,272.899993896484,82150750,272.899993896484
2024-09-16,274.5,282,269.200012207031,277.700012207031,47792140,277.700012207031
2024-09-17,277.649993896484,278,270,270.75,33515460,270.75
2024-09-18,270.649993896484,277.850006103516,269.899993896484,275.850006103516,30225920,275.850006103516
2024-09-19,276.5,280.950012207031,272.25,278.850006103516,48225290,278.850006103516
2024-09-20,279,293,278.950012207031,290.5,84416060,290.5
2024-09-23,292,298.25,290.549987792969,297,48761820,297
2024-09-24,298,298,290.25,291.700012207031,40844800,291.700012207031
2024-09-25,291.799987792969,291.850006103516,283.049987792969,285.399993896484,47685740,285.399993896484
2024-09-26,285.399993896484,285.899993896484,278.5,283.899993896484,39057810,283.899993896484
2024-09-27,275.399993896484,286.899993896484,273.5,278.149993896484,58812630,278.149993896484
2024-09-30,277.899993896484,277.899993896484,272.450012207031,273.299987792969,40976910,273.299987792969
2024-10-01,272.549987792969,276.450012207031,271.299987792969,274.149993896484,32110540,274.149993896484
2024-10-03,269.700012207031,272.450012207031,268,269,40791490,269
2024-10-04,267,277.850006103516,264.100006103516,275.299987792969,59102820,275.299987792969
2024-10-07,278.549987792969,279,261.600006103516,266.100006103516,51381670,266.100006103516
2024-10-08,266,280.899993896484,262.600006103516,278.700012207031,68958710,278.700012207031
2024-10-09,279,290,275.350006103516,279.950012207031,62967860,279.950012207031
2024-10-10,280.5,282.450012207031,274.100006103516,275.350006103516,38904810,275.350006103516
2024-10-11,276.399993896484,279,275.5,277.549987792969,17126330,277.549987792969
2024-10-14,280.899993896484,285.25,278,280.049987792969,45217360,280.049987792969
2024-10-15,283,283,276.100006103516,279.549987792969,23988720,279.549987792969
2024-10-16,279,279.399993896484,273,274.25,20872030,274.25
2024-10-17,275,275.149993896484,268.600006103516,270.549987792969,25228600,270.549987792969
2024-10-18,256.899993896484,270.299987792969,255.25,257.450012207031,108015900,257.450012207031
2024-10-21,258,267,254.5,265.700012207031,88316110,265.700012207031
2024-10-22,267,270.899993896484,252.75,256.350006103516,69963410,256.350006103516
2024-10-23,256.350006103516,268,242.100006103516,264.049987792969,161602900,264.049987792969
2024-10-24,267.200012207031,268.399993896484,252.550003051758,254.300003051758,60352250,254.300003051758
2024-10-25,256,257.950012207031,246.5,253.800003051758,66829140,253.800003051758
2024-10-28,252,259.25,247.100006103516,253.949996948242,41028380,253.949996948242
2024-10-29,254.949996948242,255.899993896484,248.449996948242,252.25,30238680,252.25
2024-10-30,NA,NA,NA,NA,NA,NA
2024-10-31,248,248.800003051758,240.399993896484,241.75,36737360,241.75
2024-11-01,244.399993896484,250,244.149993896484,248.990005493164,13009910,248.990005493164
2024-11-04,242.929992675781,246.990005493164,240,245.080001831055,49186560,245.080001831055
2024-11-05,NA,NA,NA,NA,NA,NA
2024-11-06,243.300003051758,256.140014648438,243.300003051758,254.940002441406,61727650,254.940002441406
2024-11-07,257,262.450012207031,254,255.220001220703,56967820,255.220001220703
2024-11-08,256.200012207031,258.119995117188,245.899993896484,248.729995727539,48676270,248.729995727539
2024-11-11,244.75,259.5,244,258.619995117188,43972580,258.619995117188
2024-11-12,259.950012207031,264.899993896484,255.300003051758,260.989990234375,50975030,260.989990234375
2024-11-13,258.079986572266,263.429992675781,254.529998779297,258.399993896484,61475320,258.399993896484
2024-11-14,261.5,271,260.700012207031,269.660003662109,84971090,269.660003662109
2024-11-18,274.299987792969,274.399993896484,269.359985351562,270.790008544922,59799050,270.790008544922
2024-11-19,271.940002441406,272.700012207031,267.660003662109,271.359985351562,42992790,271.359985351562
2024-11-21,273.700012207031,275.489990234375,262.109985351562,266.809997558594,57742960,266.809997558594
2024-11-22,266.799987792969,268.989990234375,262.549987792969,264.200012207031,26626290,264.200012207031
2024-11-25,273.25,284.339996337891,271.170013427734,273.309997558594,119525800,273.309997558594
2024-11-26,273.799987792969,281.140014648438,272.609985351562,280.109985351562,48373360,280.109985351562
2024-11-27,281,289.700012207031,278.760009765625,284.720001220703,66635980,284.720001220703
2024-11-28,285.600006103516,288.25,281.429992675781,286.130004882812,49584020,286.130004882812
2024-11-29,285,287.489990234375,273.619995117188,279.760009765625,73433190,279.760009765625
2024-12-02,281.899993896484,285.700012207031,280.450012207031,282.5,35170680,282.5
2024-12-03,279.700012207031,282.350006103516,279,279.850006103516,30078640,279.850006103516
2024-12-04,283,288,283,286.25,45520590,286.25
2024-12-05,288.25,304.649993896484,286.850006103516,299.350006103516,102148500,299.350006103516
2024-12-06,300,303.899993896484,296.25,302.950012207031,49309060,302.950012207031
2024-12-09,304.700012207031,304.700012207031,291.799987792969,295.299987792969,51131890,295.299987792969
2024-12-10,296.75,299.450012207031,295,295.850006103516,31333030,295.850006103516
2024-12-11,290,294.299987792969,288.600006103516,291.799987792969,39053920,291.799987792969
2024-12-12,291.799987792969,295,284.100006103516,284.899993896484,38405300,284.899993896484
2024-12-13,279,288.950012207031,278.200012207031,288.25,47302700,288.25
2024-12-16,289,295.899993896484,286.549987792969,294.149993896484,31320670,294.149993896484
2024-12-17,295.5,303.450012207031,292.299987792969,296.799987792969,72724920,296.799987792969
2024-12-18,297.700012207031,297.700012207031,290,291.899993896484,28348120,291.899993896484
2024-12-19,288.049987792969,290.200012207031,284.700012207031,288.5,31350630,288.5
2024-12-20,290,290.5,274.200012207031,282.100006103516,271472900,282.100006103516
2024-12-23,273.899993896484,282.899993896484,272,273.950012207031,74588000,273.950012207031
2024-12-24,274.5,277,269.100006103516,274.850006103516,37011990,274.850006103516
2024-12-26,276.600006103516,276.799987792969,271.25,273.200012207031,26031760,273.200012207031
2024-12-27,274.899993896484,275.899993896484,269.75,271.25,18997840,271.25
2024-12-30,271.25,291.600006103516,269.799987792969,282.100006103516,143568500,282.100006103516
2024-12-31,278,281.600006103516,275,278.049987792969,31925770,278.049987792969
2025-01-01,279,279.100006103516,276,276.5,14417580,276.5
2025-01-02,277.899993896484,286,276,284.600006103516,27949420,284.600006103516
2025-01-03,285,285,271.5,272.850006103516,48244930,272.850006103516
2025-01-06,274.5,274.799987792969,262.200012207031,264.850006103516,52254610,264.850006103516
2025-01-07,256.950012207031,259.200012207031,251,252.449996948242,115216900,252.449996948242
2025-01-08,251.699996948242,252.75,244.350006103516,250.050003051758,57146620,250.050003051758
2025-01-09,251.600006103516,252.550003051758,244.550003051758,245.350006103516,49569410,245.350006103516
2025-01-10,244.899993896484,246.399993896484,237.449996948242,242.949996948242,53817880,242.949996948242
2025-01-13,240,240.399993896484,226.199996948242,227.149993896484,69081900,227.149993896484
2025-01-14,233.949996948242,237.600006103516,230,233.600006103516,85363260,233.600006103516
2025-01-15,235,246,235,243.899993896484,65921340,243.899993896484
2025-01-16,250,262,241,241.899993896484,69621310,241.899993896484
2025-01-17,244.699996948242,250.800003051758,240.5,248.800003051758,40007800,248.800003051758
2025-01-20,251,254.350006103516,228.25,239.75,102666300,239.75
2025-01-21,223,227,207.800003051758,214.550003051758,308217700,214.550003051758
2025-01-22,207.149993896484,218.199996948242,203.850006103516,216.449996948242,178256100,216.449996948242
2025-01-23,219.649993896484,223.449996948242,216.449996948242,221.949996948242,75649870,221.949996948242
2025-01-24,221,221,214.600006103516,215.600006103516,43901540,215.600006103516
2025-01-27,213,213,205.5,206.199996948242,55203990,206.199996948242
2025-01-28,206.25,211.75,205.600006103516,208.199996948242,54426150,208.199996948242
2025-01-29,211,223.75,210.199996948242,222.5,53638580,222.5
2025-01-30,223,224.800003051758,217,218.800003051758,44730680,218.800003051758
2025-01-31,219,223,217,220.350006103516,33200040,220.350006103516
2025-02-01,220.350006103516,240.399993896484,215.600006103516,236.320007324219,85297840,236.320007324219
2025-02-03,233.990005493164,240.190002441406,230,238.199996948242,70249170,238.199996948242
2025-02-04,242,242,229.339996337891,234.539993286133,64341160,234.539993286133
2025-02-05,234,239.389999389648,230.5,231.119995117188,36437500,231.119995117188
2025-02-06,233.470001220703,234.649993896484,226.660003662109,229.050003051758,41606910,229.050003051758
2025-02-07,230.699996948242,234.699996948242,229.399993896484,233.899993896484,39271450,233.899993896484
2025-02-10,233.350006103516,234.889999389648,224.75,227.25,38606970,227.25
2025-02-11,227,227.240005493164,213.369995117188,215.449996948242,71258330,215.449996948242
2025-02-12,213.009994506836,219.350006103516,206.75,214.699996948242,86778150,214.699996948242
2025-02-13,218.009994506836,220.440002441406,216.470001220703,217.869995117188,25633800,217.869995117188
2025-02-14,218.539993286133,219.720001220703,213.440002441406,215.990005493164,32738150,215.990005493164
2025-02-17,213.190002441406,219.130004882812,210.509994506836,218.529998779297,23560410,218.529998779297
2025-02-18,220,224.600006103516,216.520004272461,223.309997558594,35519890,223.309997558594
2025-02-19,220.600006103516,234.600006103516,220,234.100006103516,47896910,234.100006103516
2025-02-20,231.5,236.649993896484,230.110000610352,233.929992675781,27119310,233.929992675781
2025-02-21,233,238.729995727539,228.869995117188,230.360000610352,36768250,230.360000610352
2025-02-24,219.979995727539,227.800003051758,219.979995727539,222.690002441406,43335470,222.690002441406
2025-02-25,224.199996948242,230.179992675781,223.050003051758,225.630004882812,48478360,225.630004882812
2025-02-27,226,229.740005493164,225.050003051758,229.039993286133,33845020,229.039993286133
2025-02-28,226,228.460006713867,217.820007324219,222.100006103516,115467100,222.100006103516
2025-03-03,222.050003051758,225.580001831055,215.25,222.139999389648,33262920,222.139999389648
2025-03-04,220.600006103516,229.660003662109,218.699996948242,227.610000610352,40794120,227.610000610352
2025-03-05,229,231.75,225.360000610352,227.020004272461,33095220,227.020004272461
2025-03-06,231.440002441406,231.440002441406,224.5,225.429992675781,31864110,225.429992675781
2025-03-07,223.889999389648,224.649993896484,216,216.830001831055,43864780,216.830001831055
2025-03-10,217.410003662109,219.089996337891,210.550003051758,211.279998779297,62786820,211.279998779297
2025-03-11,205.009994506836,210.419998168945,199.800003051758,208.070007324219,122391000,208.070007324219
2025-03-12,209.089996337891,212.5,201.199996948242,205.460006713867,80010760,205.460006713867
2025-03-13,208.199996948242,208.600006103516,200.199996948242,201.429992675781,60780850,201.429992675781
2025-03-17,200,207.199996948242,199.169998168945,203.690002441406,48729400,203.690002441406
2025-03-18,204.279998779297,219.100006103516,204.279998779297,218.190002441406,79201900,218.190002441406
2025-03-19,218.5,227.5,218.5,223.529998779297,65519150,223.529998779297
2025-03-20,226,228,221.869995117188,224.470001220703,61376770,224.470001220703
2025-03-21,220,228.850006103516,220,227.520004272461,113328500,227.520004272461
2025-03-24,228.800003051758,230.199996948242,222.199996948242,222.800003051758,41920670,222.800003051758
2025-03-25,223.800003051758,225.100006103516,209,209.809997558594,84184990,209.809997558594
2025-03-26,202.350006103516,206.899993896484,199.919998168945,203.289993286133,114342100,203.289993286133
2025-03-27,204.470001220703,208.75,200.369995117188,206.279998779297,400414700,206.279998779297
2025-03-28,204.240005493164,209.899993896484,200.5,201.699996948242,74842760,201.699996948242
2025-04-01,201.699996948242,205,198.850006103516,202.009994506836,63369460,202.009994506836
2025-04-02,203.5,212.600006103516,202,212.029998779297,59441440,212.029998779297
2025-04-03,208.149993896484,214,208,210.899993896484,44447470,210.899993896484
2025-04-04,211.839996337891,212.580001831055,205.669998168945,210.529998779297,48296670,210.529998779297
2025-04-07,196,211,194.800003051758,209.630004882812,64932920,209.630004882812
2025-04-08,213.190002441406,219.190002441406,210.809997558594,215.190002441406,62002510,215.190002441406
2025-04-09,216,216,209.860000610352,211.389999389648,253599310,211.389999389648
2025-04-11,216,218.309997558594,214.100006103516,217.199996948242,28917540,217.199996948242
2025-04-15,224.25,224.25,220.100006103516,222.229995727539,45034490,222.229995727539
2025-04-16,220.509994506836,222.639999389648,218.399993896484,222.080001831055,26155870,222.080001831055
2025-04-17,220.600006103516,236.139999389648,220.380004882812,231.600006103516,70125930,231.600006103516
2025-04-21,229,235.300003051758,227.100006103516,234.240005493164,66028530,234.240005493164
2025-04-22,236,243.449996948242,235,237.470001220703,59667380,237.470001220703
2025-04-23,237.479995727539,240.25,233.050003051758,239.240005493164,42294680,239.240005493164
2025-04-24,237,241.369995117188,235,236.380004882812,46103360,236.380004882812
2025-04-25,235.899993896484,239,227.309997558594,228.809997558594,32437650,228.809997558594
2025-04-28,226,231.990005493164,225.059997558594,227.210006713867,29327020,227.210006713867
2025-04-29,228.369995117188,234.240005493164,226.600006103516,231.110000610352,32761970,231.110000610352
2025-04-30,232,234.75,226.100006103516,232.520004272461,45831740,232.520004272461
2025-05-02,220.050003051758,239.5,220.050003051758,234.289993286133,104910300,234.289993286133
2025-05-05,234.5,240.970001220703,232.929992675781,239.899993896484,37948110,239.899993896484
2025-05-06,240,241.5,231.850006103516,232.639999389648,25327710,232.639999389648
2025-05-07,228.600006103516,237.669998168945,228.600006103516,236.899993896484,31614850,236.899993896484
2025-05-08,235.25,236.449996948242,226.600006103516,229.809997558594,49888440,229.809997558594
2025-05-09,222,229,222,227.139999389648,24415320,227.139999389648
2025-05-12,232,240,232,239.5,31757000,239.5
2025-05-13,238,239.470001220703,231.050003051758,231.649993896484,44837480,231.649993896484
2025-05-14,232,237.440002441406,232,236.860000610352,23158210,236.860000610352
2025-05-15,236.199996948242,245.300003051758,233.75,242.589996337891,40335990,242.589996337891
2025-05-16,242.600006103516,246.940002441406,242,245.759994506836,30854380,245.759994506836
2025-05-19,245.839996337891,246.589996337891,237.429992675781,238.029998779297,21817610,238.029998779297
2025-05-20,240,240,227.880004882812,228.279998779297,45891390,228.279998779297
2025-05-21,227,230.300003051758,224.179992675781,229.970001220703,47166130,229.970001220703
2025-05-22,228.970001220703,230.880004882812,227.029998779297,229.020004272461,28795940,229.020004272461
2025-05-23,229.119995117188,240.699996948242,228.869995117188,237.550003051758,42180090,237.550003051758
2025-05-26,232.800003051758,232.800003051758,225.649993896484,226.800003051758,89147290,226.800003051758
2025-05-27,226.399993896484,227.470001220703,221.100006103516,224.789993286133,224659100,224.789993286133
2025-05-28,225.899993896484,225.899993896484,223.199996948242,224.179992675781,43525020,224.179992675781
2025-05-29,224.5,229.350006103516,224.029998779297,228.369995117188,54574820,228.369995117188
2025-05-30,226.559997558594,243,226.559997558594,238.309997558594,467574000,238.309997558594
2025-06-02,237.309997558594,243,236.110000610352,241.199996948242,55690200,241.199996948242
2025-06-03,245,245.830001831055,236.75,237.699996948242,91875210,237.699996948242
2025-06-04,237.100006103516,248,237.100006103516,245.679992675781,70626620,245.679992675781
2025-06-05,248,260.220001220703,247.990005493164,256.559997558594,127795200,256.559997558594
2025-06-06,256.559997558594,264,256.010009765625,261.859985351562,66234450,261.859985351562
2025-06-09,261.899993896484,262.980010986328,255.350006103516,256.839996337891,33660850,256.839996337891
2025-06-10,256.799987792969,256.799987792969,252.350006103516,255.679992675781,36662940,255.679992675781
2025-06-11,255.679992675781,260.190002441406,255.300003051758,257.070007324219,40554760,257.070007324219
2025-06-12,257.070007324219,257.100006103516,250.350006103516,251.559997558594,24298790,251.559997558594
2025-06-13,243.259994506836,250.240005493164,243.259994506836,249.080001831055,30512910,249.080001831055
2025-06-16,249,253.520004272461,248.710006713867,252.149993896484,26481950,252.149993896484
2025-06-17,251.300003051758,252,246.850006103516,247.25,20651960,247.25
2025-06-18,247.300003051758,250.210006713867,247.160003662109,248.410003662109,17297190,248.410003662109
2025-06-19,247.990005493164,254.800003051758,247.210006713867,249.419998168945,32347920,249.419998168945
2025-06-20,249.009994506836,254.149993896484,249.009994506836,253.330001831055,50201710,253.330001831055
2025-06-23,250.149993896484,255.800003051758,250.050003051758,254.639999389648,21523140,254.639999389648
2025-06-24,257,260,254.220001220703,255.070007324219,35638620,255.070007324219
2025-06-25,256.109985351562,259.420013427734,255.100006103516,258.859985351562,26412590,258.859985351562
2025-06-26,259.420013427734,266.25,258.950012207031,265.179992675781,47100080,265.179992675781
2025-06-27,266.489990234375,266.489990234375,261,261.859985351562,61545450,261.859985351562
2025-06-30,262,265.190002441406,262,264.149993896484,21588940,264.149993896484
2025-07-01,264.75,264.850006103516,259.600006103516,261,17220730,261
2025-07-02,260.5,261.850006103516,257.600006103516,259.75,14940240,259.75
2025-07-03,260.100006103516,264.299987792969,260,260.850006103516,19402940,260.850006103516
2025-07-04,262.100006103516,263.700012207031,259.649993896484,261.399993896484,13076740,261.399993896484
2025-07-07,261.399993896484,261.549987792969,256.200012207031,258.549987792969,25446180,258.549987792969
2025-07-08,259.649993896484,264.200012207031,259.5,263.5,18312890,263.5
2025-07-09,263.649993896484,265.450012207031,261.799987792969,264.549987792969,18477580,264.549987792969
2025-07-10,265.100006103516,267.25,262.25,262.850006103516,17136740,262.850006103516
2025-07-11,260,264.950012207031,260,263.350006103516,16528100,263.350006103516
2025-07-14,264.950012207031,277.75,262.299987792969,270.600006103516,50184660,270.600006103516
2025-07-15,271.899993896484,272.399993896484,265.149993896484,266.450012207031,35090520,266.450012207031
2025-07-16,263.149993896484,266.950012207031,261.25,262.350006103516,17828900,262.350006103516
2025-07-17,263,263.700012207031,258.600006103516,259.649993896484,17544850,259.649993896484
2025-07-18,259.950012207031,260.200012207031,256.75,257.200012207031,13584890,257.200012207031
2025-07-21,257,277,256.649993896484,271.700012207031,67508530,271.700012207031
2025-07-22,293,311.25,289.649993896484,299.799987792969,269332700,299.799987792969
2025-07-23,298,303.549987792969,296.299987792969,302.049987792969,68915200,302.049987792969
2025-07-24,302.25,314.450012207031,302,313.149993896484,120603700,313.149993896484
2025-07-25,309.950012207031,314.149993896484,306.299987792969,310.549987792969,50941170,310.549987792969
2025-07-28,310,312.25,306.600006103516,307.299987792969,24882870,307.299987792969
2025-07-29,305,307.200012207031,300,306.549987792969,23521230,306.549987792969
2025-07-30,306.549987792969,308.149993896484,301.799987792969,303.450012207031,21677380,303.450012207031
2025-07-31,300,311.149993896484,299.299987792969,307.799987792969,32474670,307.799987792969
2025-08-01,309.799987792969,310.450012207031,303.950012207031,304.75,16415900,304.75
2025-08-04,303,307,300.450012207031,305.25,21862120,305.25
2025-08-05,306.899993896484,307.600006103516,301.700012207031,302.149993896484,14820250,302.149993896484
2025-08-06,302,302.5,295.450012207031,298.850006103516,22012280,298.850006103516
2025-08-07,291.549987792969,303.200012207031,288.399993896484,301.75,391548800,301.75
2025-08-08,300.350006103516,302.399993896484,298.100006103516,300.899993896484,28458170,300.899993896484
2025-08-11,300.899993896484,310.399993896484,299.5,309.399993896484,44948310,309.399993896484
2025-08-12,309.399993896484,310,304.549987792969,305.899993896484,20834370,305.899993896484
2025-08-13,305.899993896484,314,305.549987792969,312.350006103516,28119110,312.350006103516
2025-08-14,313,319.799987792969,310.649993896484,318.399993896484,45892250,318.399993896484
2025-08-18,318.399993896484,323.700012207031,313.649993896484,314.899993896484,42357080,314.899993896484
2025-08-19,316.5,321.899993896484,311.700012207031,321.450012207031,36592940,321.450012207031
2025-08-20,322.399993896484,331.350006103516,320.350006103516,326.549987792969,55734710,326.549987792969
2025-08-21,324.600006103516,325.899993896484,321,321.799987792969,22056600,321.799987792969
2025-08-22,321.799987792969,324,318.25,319.100006103516,22869850,319.100006103516
2025-08-25,320,323.799987792969,316.549987792969,319.25,20880240,319.25
2025-08-26,317.299987792969,321.5,315.049987792969,317.899993896484,438503000,317.899993896484
2025-08-28,321.200012207031,323.100006103516,313.25,315.5,44020760,315.5
2025-08-29,315.549987792969,316.75,307.75,313.950012207031,62441100,313.950012207031
2025-09-01,313.950012207031,322.5,313.950012207031,321.100006103516,47888390,321.100006103516
2025-09-02,322.850006103516,327.399993896484,320.450012207031,322.399993896484,48878430,322.399993896484
2025-09-03,325.100006103516,328.75,322,326.100006103516,46674030,326.100006103516
2025-09-04,328,329,322.799987792969,326.25,43285620,326.25
2025-09-05,327.549987792969,334.399993896484,326.299987792969,329.149993896484,31645030,329.149993896484
2025-09-08,331,332.200012207031,328.200012207031,329.649993896484,17188060,329.649993896484
2025-09-09,329,329.649993896484,323.75,325.700012207031,19658620,325.700012207031
2025-09-10,328.950012207031,328.950012207031,322.799987792969,324.399993896484,18981930,324.399993896484
2025-09-11,325,331.350006103516,324.700012207031,328.100006103516,22336990,328.100006103516
2025-09-12,327.100006103516,327.899993896484,320.700012207031,321.399993896484,19923940,321.399993896484
2025-09-15,322.950012207031,325.600006103516,321.5,323.299987792969,16287170,323.299987792969
2025-09-16,323,327.799987792969,322,327.299987792969,19198530,327.299987792969
2025-09-17,327.299987792969,330,325.299987792969,328.25,14901350,328.25
2025-09-18,328.799987792969,338.5,328.299987792969,337.850006103516,36575250,337.850006103516
2025-09-19,337,340,334.549987792969,336.549987792969,29146780,336.549987792969
2025-09-22,340,343.899993896484,336.700012207031,341.850006103516,28626240,341.850006103516
2025-09-23,340.950012207031,341.299987792969,336.700012207031,338.350006103516,15144820,338.350006103516
2025-09-24,336.200012207031,338,335.350006103516,335.799987792969,12073290,335.799987792969
2025-09-25,334,335.799987792969,331.200012207031,332.25,16653310,332.25
2025-09-26,331,332.899993896484,320,321,26840530,321
2025-09-29,326.950012207031,328.799987792969,324.25,324.850006103516,21653800,324.850006103516
2025-09-30,325.100006103516,328.049987792969,323.5,325.5,18841390,325.5
2025-10-01,323.100006103516,330.25,320.799987792969,329,18366560,329
2025-10-03,326.200012207031,334.799987792969,324,328.450012207031,25648590,328.450012207031
2025-10-06,326.5,336.299987792969,326.5,335.100006103516,13705090,335.100006103516
2025-10-07,335.5,341.600006103516,333.200012207031,337.850006103516,19836340,337.850006103516
2025-10-08,337.649993896484,342.899993896484,336.049987792969,341.649993896484,16799910,341.649993896484
2025-10-09,345,347.5,342.899993896484,345.5,23497990,345.5
2025-10-10,342.549987792969,349.899993896484,341.600006103516,348.299987792969,15972100,348.299987792969
2025-10-13,347.5,351.299987792969,345.399993896484,348.350006103516,14458590,348.350006103516
2025-10-14,352,352,343,347.75,25161480,347.75
2025-10-15,347.75,355.899993896484,347.350006103516,354.350006103516,30840490,354.350006103516
2025-10-16,356,368.450012207031,338,347.850006103516,91194450,347.850006103516
2025-10-17,340,347.75,333.75,342.649993896484,77995570,342.649993896484
2025-10-20,345,346.5,336.25,338.149993896484,25481970,338.149993896484
2025-10-21,340.100006103516,340.799987792969,337.200012207031,338.100006103516,3818958,338.100006103516
2025-10-23,343,343,327,328.350006103516,54284150,328.350006103516
2025-10-24,328,329.850006103516,324.350006103516,326.600006103516,35567990,326.600006103516
2025-10-27,326.200012207031,334.899993896484,324.600006103516,333.700012207031,27703110,333.700012207031
2025-10-28,332.75,336.200012207031,332.149993896484,334.600006103516,28723420,334.600006103516
2025-10-29,333.549987792969,335.5,328.75,330.450012207031,19679000,330.450012207031
2025-10-30,328,332.25,325.5,329.350006103516,19800310,329.350006103516
2025-10-31,329.950012207031,330.299987792969,316.649993896484,317.75,34241750,317.75
2025-11-03,316.450012207031,323.600006103516,313.25,322.600006103516,33549130,322.600006103516
2025-11-04,321.049987792969,321.950012207031,312.299987792969,313.5,35402200,313.5
2025-11-05,NA,NA,NA,NA,NA,NA
2025-11-06,308.5,311.649993896484,303.549987792969,305.649993896484,44725330,305.649993896484
2025-11-07,305.950012207031,309.100006103516,301.450012207031,306.100006103516,26911850,306.100006103516
2025-11-10,304.25,308.549987792969,300.799987792969,301.450012207031,33919170,301.450012207031
2025-11-11,302.950012207031,307.75,300.149993896484,305.799987792969,35824470,305.799987792969
2025-11-12,308,312.950012207031,307.350006103516,308.799987792969,43774440,308.799987792969
2025-11-13,308.649993896484,309.350006103516,296.600006103516,297.75,63585980,297.75
2025-11-14,295,305.25,294.75,303.75,37378730,303.75
2025-11-17,303.100006103516,309.850006103516,300.549987792969,309.549987792969,26632680,309.549987792969
2025-11-18,312,313,304.5,306.149993896484,24986340,306.149993896484
2025-11-19,305,308.100006103516,302.600006103516,306.600006103516,15532630,306.600006103516
2025-11-20,308.5,308.649993896484,304.600006103516,306.899993896484,13522450,306.899993896484
2025-11-21,304.950012207031,305.950012207031,301,301.950012207031,13729180,301.950012207031
2025-11-24,296.5,304.25,295.600006103516,301,42517970,301
2025-11-25,303,305.950012207031,300.5,302.299987792969,19304120,302.299987792969
2025-11-26,300.299987792969,307.149993896484,300.299987792969,306.850006103516,14488700,306.850006103516
2025-11-27,308,308.700012207031,300.549987792969,302.75,22604910,302.75
2025-11-28,303,304.799987792969,299.649993896484,300.100006103516,17678700,300.100006103516
2025-12-01,302.299987792969,305.450012207031,300.25,301.5,17929620,301.5
2025-12-02,300.600006103516,301.799987792969,297,300.549987792969,23517460,300.549987792969
2025-12-03,300.600006103516,302.950012207031,296,297.75,18546980,297.75
2025-12-04,297.600006103516,298.75,292.549987792969,295.75,31947990,295.75
2025-12-05,295,299.700012207031,291.149993896484,292.399993896484,17762370,292.399993896484
2025-12-08,290.899993896484,297.399993896484,284.149993896484,285.25,85127960,285.25
2025-12-09,284.549987792969,292.299987792969,280.299987792969,291.700012207031,27053860,291.700012207031
2025-12-10,289,293,282,283.25,20644410,283.25
2025-12-11,284,291.899993896484,283.049987792969,290.950012207031,21043740,290.950012207031
2025-12-12,290.100006103516,299,288.600006103516,298.049987792969,27289530,298.049987792969
2025-12-15,295,299.549987792969,295,298.450012207031,14755890,298.450012207031
2025-12-16,298.200012207031,298.200012207031,282.649993896484,284.450012207031,58633740,284.450012207031
2025-12-17,286.25,290.5,283.549987792969,284.450012207031,27154430,284.450012207031
2025-12-18,284.049987792969,285.5,281.700012207031,284.75,14159700,284.75
2025-12-19,286.899993896484,288.350006103516,285.25,286.049987792969,17783840,286.049987792969
2025-12-22,286,287.899993896484,285.200012207031,286.700012207031,14987450,286.700012207031
2025-12-23,287.049987792969,288,284,284.350006103516,12762620,284.350006103516
2025-12-24,283.5,286,283.100006103516,284.850006103516,12973810,284.850006103516
2025-12-25,NA,NA,NA,NA,NA,NA
2025-12-26,281.799987792969,284.649993896484,279.700012207031,281.75,15744490,281.75
2025-12-29,281.5,286.049987792969,281.5,282.850006103516,13175250,282.850006103516
2025-12-30,282.5,282.5,275.350006103516,277.100006103516,37816380,277.100006103516
